junction_aa	v_call	j_call	cell_id	binder	subject_id
CAGAGSQGNLIF	TRAV27*01	TRAJ42*01	26	TRUE	1
CASSIRSSYEQYF	TRBV19*01	TRBJ2-7*01	26	TRUE	1
CASSIGAYGYTF	TRBV19*01	TRBJ1-2*01	41	TRUE	1
CAFMIGSGGTSYGKLTF	TRAV38-1*01	TRAJ52*01	41	TRUE	1
CASSTSHVGTEAFF	TRBV6-1*01	TRBJ1-1*01	45	TRUE	1
CAVTNYGGATNKLIF	TRAV8-4*01	TRAJ32*01	45	TRUE	1
CAGQVNGGSQGNLIF	TRAV35*01	TRAJ42*01	49	TRUE	1
CASSTYSIDTQYF	TRBV19*01	TRBJ2-3*01	49	TRUE	1
CANTGSQGNLIF	TRAV8-3*01	TRAJ42*01	54	TRUE	1
CASSDRSGTEQYF	TRBV19*01	TRBJ2-7*01	54	TRUE	1
CALTGGGSQGNLIF	TRAV13-1*01	TRAJ42*01	59	TRUE	1
CASSIRSGDTQYF	TRBV19*01	TRBJ2-3*01	59	TRUE	1
CASSIRSTYEQYF	TRBV19*01	TRBJ2-7*01	60	TRUE	1
CAASVTNTGNQFYF	TRAV29/DV5*01	TRAJ49*01	60	TRUE	1
CAASGGGSQGNLIF	TRAV13-1*01	TRAJ42*01	66	TRUE	1
CASSTRSQETQYF	TRBV19*01	TRBJ2-5*01	66	TRUE	1
CASSTRSAYEQYF	TRBV19*01	TRBJ2-7*01	69	TRUE	1
CAGASGSSNTGKLIF	TRAV27*01	TRAJ37*01	69	TRUE	1
CAVEVNAGNNRKLIW	TRAV36/DV7*01	TRAJ38*01	71	TRUE	1
CASSIRSSYEQYF	TRBV19*01	TRBJ2-7*01	71	TRUE	1
CASSIRSSYEQYF	TRBV19*01	TRBJ2-7*01	75	TRUE	1
CAASETSYDKVIF	TRAV13-1*01	TRAJ50*01	75	TRUE	1
CASSSRAGGEQYF	TRBV19*01	TRBJ2-7*01	76	TRUE	1
CAENEGGGSQGNLIF	TRAV5*01	TRAJ42*01	76	TRUE	1
CAVNAGGGSQGNLIF	TRAV8-1*01	TRAJ42*01	77	TRUE	1
CASSIRSSYEQYF	TRBV19*01	TRBJ2-7*01	77	TRUE	1
CASSMRSGANVLTF	TRBV19*01	TRBJ2-6*01	86	TRUE	1
CATVPSNTGKLIF	TRAV13-1*01	TRAJ37*01	86	TRUE	1
CIPGAGSYQLTF	TRAV26-2*01	TRAJ28*01	88	TRUE	1
CASSGRSTDTQYF	TRBV19*01	TRBJ2-3*01	88	TRUE	1
CASSGLAGLNEQFF	TRBV19*01	TRBJ2-1*01	96	TRUE	1
CAASETSYDKVIF	TRAV13-1*01	TRAJ50*01	96	TRUE	1
CASSEDTGAQETQYF	TRBV2*01	TRBJ2-5*01	97	TRUE	1
CAFMTNAGGTSYGKLTF	TRAV38-1*01	TRAJ52*01	97	TRUE	1
CAGAIGSSNTGKLIF	TRAV27*01	TRAJ37*01	103	TRUE	1
CASSIRSSYEQYF	TRBV19*01	TRBJ2-7*01	103	TRUE	1
CAVNAGGGSQGNLIF	TRAV8-1*01	TRAJ42*01	105	TRUE	1
CASSIRAAYEQYF	TRBV19*01	TRBJ2-7*01	105	TRUE	1
CAGANGGSQGNLIF	TRAV27*01	TRAJ42*01	106	TRUE	1
CASSVRSAGELFF	TRBV19*01	TRBJ2-2*01	106	TRUE	1
CASGGSQGNLIF	TRAV27*01	TRAJ42*01	113	TRUE	1
CASSVRSSYEQYF	TRBV19*01	TRBJ2-7*01	113	TRUE	1
CASSPDQETSYTDTQYF	TRBV9*01	TRBJ2-3*01	124	TRUE	1
CVVISSGGSYIPTF	TRAV8-2*01	TRAJ6*01	124	TRUE	1
CALDRAGNNRKLIW	TRAV16*01	TRAJ38*01	127	TRUE	1
CASSIRSSYEQYF	TRBV19*01	TRBJ2-7*01	127	TRUE	1
CASSISLAAEQFF	TRBV19*01	TRBJ2-1*01	130	TRUE	1
CAFMTNAGGTSYGKLTF	TRAV38-1*01	TRAJ52*01	130	TRUE	1
CAVRDGTGANNLFF	TRAV3*01	TRAJ36*01	134	TRUE	1
CASNPSSTDTQYF	TRBV19*01	TRBJ2-3*01	134	TRUE	1
CASSTRSGWEQYF	TRBV19*01	TRBJ2-7*01	135	TRUE	1
CAGAGSSNTGKLIF	TRAV27*01	TRAJ37*01	135	TRUE	1
CAYGTNAGGTSYGKLTF	TRAV38-2/DV8*01	TRAJ52*01	140	TRUE	1
CASSIGVYGYTF	TRBV19*01	TRBJ1-2*01	140	TRUE	1
CGTEMGGGSQGNLIF	TRAV30*01	TRAJ42*01	142	TRUE	1
CASSIRSTDTQYF	TRBV19*01	TRBJ2-3*01	142	TRUE	1
CASSIRSDEKLFF	TRBV19*01	TRBJ1-4*01	146	TRUE	1
CAGNYGGSQGNLIF	TRAV25*01	TRAJ42*01	146	TRUE	1
CATDGGGGSQGNLIF	TRAV17*01	TRAJ42*01	148	TRUE	1
CASSGLAGLNEQFF	TRBV19*01	TRBJ2-1*01	148	TRUE	1
CAFMKDAGGTSYGKLTF	TRAV38-1*01	TRAJ52*01	152	TRUE	1
CASSIGVYGYTF	TRBV19*01	TRBJ1-2*01	152	TRUE	1
CASSTRSTGELFF	TRBV19*01	TRBJ2-2*01	157	TRUE	1
CAGNYGGSQGNLIF	TRAV25*01	TRAJ42*01	157	TRUE	1
CASSGRSTDTQYF	TRBV19*01	TRBJ2-3*01	162	TRUE	1
CAVSLGGGSQGNLIF	TRAV3*01	TRAJ42*01	162	TRUE	1
CASSLERGNTEAFF	TRBV7-8*01	TRBJ1-1*01	164	TRUE	1
CAALGAGGTSYGKLTF	TRAV12-2*01	TRAJ52*01	164	TRUE	1
CAMRASEQAAGNKLTF	TRAV14/DV4*01	TRAJ17*01	165	TRUE	1
CASSIRSSYEQYF	TRBV19*01	TRBJ2-7*01	165	TRUE	1
CASSIRSSYEQYF	TRBV19*01	TRBJ2-7*01	184	TRUE	1
CAGPGSQGNLIF	TRAV27*01	TRAJ42*01	184	TRUE	1
CASSTGSYGYTF	TRBV19*01	TRBJ1-2*01	186	TRUE	1
CAFMVNAGGTSYGKLTF	TRAV38-1*01	TRAJ52*01	186	TRUE	1
CSTGGSQGNLIF	TRAV27*01	TRAJ42*01	202	TRUE	1
CASSIRSSYEQYF	TRBV19*01	TRBJ2-7*01	202	TRUE	1
CAFMIGAGGTSYGKLTF	TRAV38-1*01	TRAJ52*01	204	TRUE	1
CASSVGSYGYTF	TRBV19*01	TRBJ1-2*01	204	TRUE	1
CASSMDRFTNQPQHF	TRBV19*01	TRBJ1-5*01	210	TRUE	1
CAVADMEYGNKLVF	TRAV36/DV7*01	TRAJ47*01	210	TRUE	1
CASSFGGRGLGFSGNTIYF	TRBV27*01	TRBJ1-3*01	212	TRUE	1
CVVSARDNFNKFYF	TRAV10*01	TRAJ21*01	212	TRUE	1
CASSTPRQGSNTGELFF	TRBV2*01	TRBJ2-2*01	217	TRUE	1
CAGAHGSSNTGKLIF	TRAV27*01	TRAJ37*01	217	TRUE	1
CASSTLAGGQETQYF	TRBV6-6*01	TRBJ2-5*01	218	TRUE	1
CAVPYNQGGKLIF	TRAV1-2*01	TRAJ23*01	218	TRUE	1
CAGAPGSSNTGKLIF	TRAV27*01	TRAJ37*01	224	TRUE	1
CASSTRSAYEQYF	TRBV19*01	TRBJ2-7*01	224	TRUE	1
CAADNYGGSQGNLIF	TRAV23/DV6*01	TRAJ42*01	225	TRUE	1
CASSIYGGAGDGYTF	TRBV19*01	TRBJ1-2*01	225	TRUE	1
CAGADGGGSQGNLIF	TRAV27*01	TRAJ42*01	233	TRUE	1
CASSIRSGYEQYF	TRBV19*01	TRBJ2-7*01	233	TRUE	1
CASSIRASYEQYF	TRBV19*01	TRBJ2-7*01	234	TRUE	1
CVGYTNAGKSTF	TRAV10*01	TRAJ27*01	234	TRUE	1
CAENMRNTDKLIF	TRAV13-2*01	TRAJ34*01	237	TRUE	1
CASSSFGGRELFF	TRBV19*01	TRBJ2-2*01	237	TRUE	1
CASSALSGRAIDEQYF	TRBV9*01	TRBJ2-7*01	244	TRUE	1
CAGAGSQGNLIF	TRAV27*01	TRAJ42*01	244	TRUE	1
CAYMSNAGGTSYGKLTF	TRAV38-2/DV8*01	TRAJ52*01	245	TRUE	1
CASSFGSYGYTF	TRBV19*01	TRBJ1-2*01	245	TRUE	1
CASSFRANTGELFF	TRBV10-1	TRBJ2-2*01	Blood_1_10033	FALSE	Blood_1
CAATCILWGWELPTHF	TRAV8-3	TRAJ58*01	Blood_1_10033	FALSE	Blood_1
CAVDMSGNEKLTF	TRAV39*01	TRAJ48*01	Blood_1_10114	FALSE	Blood_1
CASSVGTTDTQYF	TRBV19	TRBJ2-3*01	Blood_1_10114	FALSE	Blood_1
CASSRTGTTIYGYTF	TRBV5-1*01	TRBJ1-2*01	Blood_1_10211	FALSE	Blood_1
CATDLGNTGFQKLVF	TRAV17*01	TRAJ8*01	Blood_1_10211	FALSE	Blood_1
CILRDSGGGADGLTF	TRAV26-2	TRAJ45*01	Blood_1_10382	FALSE	Blood_1
CASSPGGQGPSNEQFF	TRBV19	TRBJ2-1*01	Blood_1_10382	FALSE	Blood_1
CAENGGYNKLIF	TRAV13-2	TRAJ4*01	Blood_1_10403	FALSE	Blood_1
CASSKGTGGSYNSPLHF	TRBV21-1*01	TRBJ1-6*01	Blood_1_10403	FALSE	Blood_1
CASKGLEGKETQYF	TRBV2*01	TRBJ2-5*01	Blood_1_10453	FALSE	Blood_1
CAASGGFGNVLHC	TRAV29/DV5	TRAJ35*01	Blood_1_10453	FALSE	Blood_1
CASSQKAGWADTQYF	TRBV14*01	TRBJ2-3*01	Blood_1_10468	FALSE	Blood_1
CAVSGGFGNVLHC	TRAV21	TRAJ35*01	Blood_1_10468	FALSE	Blood_1
CADLTDSWGKLQF	TRAV27	TRAJ24	Blood_1_10509	FALSE	Blood_1
CASSFTGAGELFF	TRBV7-3*01	TRBJ2-2*01	Blood_1_10509	FALSE	Blood_1
CASSARGGLPMGSYEKLFF	TRBV7-2*01	TRBJ1-4*01	Blood_1_10721	FALSE	Blood_1
CAAPMNRDDKIIF	TRAV23/DV6	TRAJ30*01	Blood_1_10721	FALSE	Blood_1
CASRQGPGTEAFF	TRBV11-2*02	TRBJ1-1*01	Blood_1_10746	FALSE	Blood_1
CAEIPNTGGFKTIF	TRAV5*01	TRAJ9*01	Blood_1_10746	FALSE	Blood_1
CASSSYLNQPQHF	TRBV28*01	TRBJ1-5*01	Blood_1_10818	FALSE	Blood_1
CAVSGSGNTGKLIF	TRAV8-4	TRAJ37	Blood_1_10818	FALSE	Blood_1
CAWRVGGPSDTQYF	TRBV30*01	TRBJ2-3*01	Blood_1_10911	FALSE	Blood_1
CAVVFVRGADGLTF	TRAV3	TRAJ45*01	Blood_1_10911	FALSE	Blood_1
CASSPSLTDTQYF	TRBV18*01	TRBJ2-3*01	Blood_1_11055	FALSE	Blood_1
CAGRNSGGSNYKLTF	TRAV35	TRAJ53*01	Blood_1_11055	FALSE	Blood_1
CASSLSSGGDPGELFF	TRBV7-8*01	TRBJ2-2*01	Blood_1_11084	FALSE	Blood_1
CAASGTNAGKSTF	TRAV29/DV5	TRAJ27*01	Blood_1_11084	FALSE	Blood_1
CASSLRDRGNGYTF	TRBV7-8*01	TRBJ1-2*01	Blood_1_11194	FALSE	Blood_1
CAVNLPNRDDKIIF	TRAV12-2	TRAJ30*01	Blood_1_11194	FALSE	Blood_1
CASSQELWGFEAFF	TRBV14*01	TRBJ1-1*01	Blood_1_1130	FALSE	Blood_1
CAIHTGANNLFF	TRAV12-3	TRAJ36*01	Blood_1_1130	FALSE	Blood_1
CAAIGQAGTALIF	TRAV29/DV5	TRAJ15*01	Blood_1_11399	FALSE	Blood_1
CASHLRSGGHTEAFF	TRBV7-2*01	TRBJ1-1*01	Blood_1_11399	FALSE	Blood_1
CALSNYGQNFVF	TRAV6	TRAJ26*01	Blood_1_11437	FALSE	Blood_1
CAISDRAPHSNQPQHF	TRBV10-3*01	TRBJ1-5*01	Blood_1_11437	FALSE	Blood_1
CASSLGQGAFGQFF	TRBV11-2*02	TRBJ2-1*01	Blood_1_11522	FALSE	Blood_1
CAVRSGGYQKVTF	TRAV21	TRAJ13*01	Blood_1_11522	FALSE	Blood_1
CASSLTARLGNEQFF	TRBV5-1*01	TRBJ2-1*01	Blood_1_11526	FALSE	Blood_1
CAGEAGNMLTF	TRAV23/DV6	TRAJ39*01	Blood_1_11526	FALSE	Blood_1
CASSLAGSTDTQYF	TRBV5-1*01	TRBJ2-3*01	Blood_1_11560	FALSE	Blood_1
CAMRENYGQNFVF	TRAV14/DV4	TRAJ26*01	Blood_1_11560	FALSE	Blood_1
CASITLGQGTDTQYF	TRBV21-1*01	TRBJ2-3*01	Blood_1_11569	FALSE	Blood_1
CIVRVTGSARQLTF	TRAV26-1	TRAJ22*01	Blood_1_11569	FALSE	Blood_1
CAERPTHNKLIF	TRAV13-2	TRAJ4*01	Blood_1_11647	FALSE	Blood_1
CASSPIGTGGRAEAFF	TRBV5-1*01	TRBJ1-1*01	Blood_1_11647	FALSE	Blood_1
CASSLGDRVSGYTF	TRBV7-9	TRBJ1-2*01	Blood_1_11684	FALSE	Blood_1
CAASTYARIQGAQKLVF	TRAV13-1	TRAJ54*01	Blood_1_11684	FALSE	Blood_1
CASSLTAYEQYF	TRBV7-2*01	TRBJ2-7*01	Blood_1_11776	FALSE	Blood_1
CAVQTFSDGQKLLF	TRAV20	TRAJ16*01	Blood_1_11776	FALSE	Blood_1
CASSYSGGRDTQYF	TRBV5-4*01	TRBJ2-3*01	Blood_1_11785	FALSE	Blood_1
CAGQAGGTSYGKLTF	TRAV35	TRAJ52*01	Blood_1_11785	FALSE	Blood_1
CAVRRRDDKIIF	TRAV8-6	TRAJ30*01	Blood_1_11855	FALSE	Blood_1
CASSLEEGMDTGELFF	TRBV5-4*01	TRBJ2-2*01	Blood_1_11855	FALSE	Blood_1
CASSLAGYGYTF	TRBV7-2*01	TRBJ1-2*01	Blood_1_1189	FALSE	Blood_1
CAVDPGNAGGTSYGKLTF	TRAV39*01	TRAJ52*01	Blood_1_1189	FALSE	Blood_1
CAHIHNSGGSNYKLTF	TRAV36/DV7*01	TRAJ53*01	Blood_1_11892	FALSE	Blood_1
CASRWSGDYEQYF	TRBV28*01	TRBJ2-7*01	Blood_1_11892	FALSE	Blood_1
CASSYTDTQYF	TRBV7-9	TRBJ2-3*01	Blood_1_1191	FALSE	Blood_1
CAVDESGTYKYIF	TRAV39*01	TRAJ40*01	Blood_1_1191	FALSE	Blood_1
CAERGTALIF	TRAV13-2	TRAJ15	Blood_1_11910	FALSE	Blood_1
CASSSRPQQFF	TRBV28*01	TRBJ2-1*01	Blood_1_11910	FALSE	Blood_1
CASSLIQGGSYEQYF	TRBV7-2*01	TRBJ2-7*01	Blood_1_12154	FALSE	Blood_1
CAVNEDSNYQLIW	TRAV12-2	TRAJ33*01	Blood_1_12154	FALSE	Blood_1
CAVERKGSQGNLIF	TRAV22*01	TRAJ42*01	Blood_1_12212	FALSE	Blood_1
CVCRSSYYEQFF	TRBV7-2*01	TRBJ2-1*01	Blood_1_12212	FALSE	Blood_1
CASGLRTGLTLANYGYTF	TRBV12-5*01	TRBJ1-2*01	Blood_1_12344	FALSE	Blood_1
CVVNNGSGGSYIPTF	TRAV12-1	TRAJ6*01	Blood_1_12344	FALSE	Blood_1
CAVSPNQAGTALIF	TRAV13-2	TRAJ15*01	Blood_1_12387	FALSE	Blood_1
CASRADAYNEQFF	TRBV28*01	TRBJ2-1*01	Blood_1_12387	FALSE	Blood_1
CAVSEGSGAGSYQLTF	TRAV8-6	TRAJ28*01	Blood_1_12393	FALSE	Blood_1
CAISELAGDTQYF	TRBV10-3*01	TRBJ2-3*01	Blood_1_12393	FALSE	Blood_1
CASSLRTGEGSGNTIYF	TRBV5-1*01	TRBJ1-3*01	Blood_1_12520	FALSE	Blood_1
CAAWEVDAGGTSYGKLTF	TRAV41*01	TRAJ52*01	Blood_1_12520	FALSE	Blood_1
CASSLTGTLVEKLFF	TRBV4-3*01	TRBJ1-4*01	Blood_1_12589	FALSE	Blood_1
CAMHNYGQNFVF	TRAV14/DV4	TRAJ26*01	Blood_1_12589	FALSE	Blood_1
CASSLDWLYYEQYF	TRBV5-1*01	TRBJ2-7*01	Blood_1_1262	FALSE	Blood_1
CALIIYTGGFKTIF	TRAV9-2	TRAJ9*01	Blood_1_1262	FALSE	Blood_1
CASSEEGGAPLHF	TRBV6-4	TRBJ1-6*01	Blood_1_1271	FALSE	Blood_1
CAAQADTGNQFYF	TRAV41*01	TRAJ49*01	Blood_1_1271	FALSE	Blood_1
CASGRGNSPLHF	TRBV27*01	TRBJ1-6*01	Blood_1_1273	FALSE	Blood_1
CAGANAGNNRKLIW	TRAV27*01	TRAJ38*01	Blood_1_1273	FALSE	Blood_1
CASSPLGPNGYTF	TRBV7-9	TRBJ1-2*01	Blood_1_12758	FALSE	Blood_1
CALSHTSGTYKYIF	TRAV9-2	TRAJ40*01	Blood_1_12758	FALSE	Blood_1
CASSKGTNSYEQYF	TRBV21-1*01	TRBJ2-7*01	Blood_1_12933	FALSE	Blood_1
CIASNRDDKIIF	TRAV26-2	TRAJ30*01	Blood_1_12933	FALSE	Blood_1
CAVSDPNFGNEKLTF	TRAV8-4	TRAJ48*01	Blood_1_12936	FALSE	Blood_1
CASSVGGVPYEQYF	TRBV9	TRBJ2-7*01	Blood_1_12936	FALSE	Blood_1
CASSDFGTEAFF	TRBV10-1	TRBJ1-1*01	Blood_1_13048	FALSE	Blood_1
CAPGRADGQKLLF	TRAV8-1	TRAJ16*01	Blood_1_13048	FALSE	Blood_1
CASSPRTSYGYTF	TRBV28*01	TRBJ1-2*01	Blood_1_13062	FALSE	Blood_1
CAVRPASGGYNKLIF	TRAV1-2	TRAJ4*01	Blood_1_13062	FALSE	Blood_1
CAVDVWGSQGNLIF	TRAV39*01	TRAJ42*01	Blood_1_13417	FALSE	Blood_1
CASSSAEQAYEQYF	TRBV18*01	TRBJ2-7*01	Blood_1_13417	FALSE	Blood_1
CVVSFYNFNKFYF	TRAV12-1	TRAJ21*01	Blood_1_13546	FALSE	Blood_1
CASSLLAGNYGYTF	TRBV28*01	TRBJ1-2*01	Blood_1_13546	FALSE	Blood_1
CAGPLNTGTASKLTF	TRAV35	TRAJ44*01	Blood_1_13562	FALSE	Blood_1
CASSPRDTYEQYF	TRBV28*01	TRBJ2-7*01	Blood_1_13562	FALSE	Blood_1
CASSRGQGGNQPQHF	TRBV19	TRBJ1-5*01	Blood_1_13681	FALSE	Blood_1
CAVPPNTGNQFYF	TRAV41*01	TRAJ49*01	Blood_1_13681	FALSE	Blood_1
