sequence_aa,v_call,j_call
ASSFGDEQY,TRBV5-4,TRBJ2-7
ASSYPGETQY,TRBV6-6,TRBJ2-5
ASSQGLQETQY,,TRBJ2-5
ASSPDRGGNQPQH,TRBV18,TRBJ1-5
ASSQVPGQGDNEQF,TRBV14,TRBJ2-1
ASSMGQHSNQPQH,TRBV19,TRBJ1-5
ASSSPGRSGANVLT,TRBV28,TRBJ2-6
SARRGPGELF,,TRBJ2-2
SARRGTGGYEQY,,TRBJ2-7
ASSLEGQQPQH,TRBV28,TRBJ1-5
AWRGTGNSPLH,TRBV30,TRBJ1-6
ASSGDRLYEQY,TRBV2,TRBJ2-7
ASSPDRVGQETQY,TRBV5-1,TRBJ2-5
ASRRGSSYEQY,TRBV28,TRBJ2-7
ASSLIGVSSYNEQF,TRBV7-9,TRBJ2-1
ASSLGPANNSPLH,TRBV27,TRBJ1-6
ASSLAEGAYEQY,TRBV5-4,TRBJ2-7
ASSSGTSGTSSYNEQF,TRBV5-4,TRBJ2-1
ASSLEGLSSYEQY,TRBV5-1,TRBJ2-7
ASSYSTSGGNIQY,,TRBJ2-4
ASSISAGEAF,TRBV19,TRBJ1-1
ASSLVGDEQY,TRBV5-6,TRBJ2-7
ASSLGQKDSPLH,,TRBJ1-6
ASSLTTGGEQY,TRBV7-9,TRBJ2-7
ASSLTGGNNQPQH,,TRBJ1-5
ASSLIGVSSYNEQF,TRBV7-2,TRBJ2-1
ASSTGTSGSYEQY,TRBV6-1,TRBJ2-7
ASSLTGGRNQPQH,,TRBJ1-5
AWSPGNSGNTIY,TRBV30,TRBJ1-3
ASSPGDEQF,TRBV25-1,TRBJ2-1
ASSLQGADTQY,TRBV7-8,TRBJ2-3
ASSLGRTGELF,TRBV27,TRBJ2-2
ATSDGETQY,,TRBJ2-5
ASSLGGPGDTQY,,TRBJ2-3
ASSPAGLNTEAF,TRBV19,TRBJ1-1
ASSELGNTIY,TRBV2,TRBJ1-3
ASRTGYGYT,TRBV6-5,TRBJ1-2
ASSPLSDTQY,TRBV7-9,TRBJ2-3
ASSLVGDGYT,TRBV7-8,TRBJ1-2
ASSSDRVGQETQY,TRBV5-1,TRBJ2-5
ASSQGGGDGYT,,TRBJ1-2
ASSVGLAGGLNEQF,TRBV9,TRBJ2-1
ASSIPGLAKNIQY,TRBV19,TRBJ2-4
ASSFDNYGYT,TRBV5-4,TRBJ1-2
AWSADRRTEAF,TRBV30,TRBJ1-1
ASSLVGTGETQY,TRBV7-9,TRBJ2-5
ASSPNQETQY,TRBV5-4,TRBJ2-5
AWSGDRDTEAF,TRBV30,TRBJ1-1
ASSRGTGATDTQY,TRBV19,TRBJ2-3
ASSQTGGRNQPQH,,TRBJ1-5
ASSLVGGRYGYT,,TRBJ1-2
SAQGLAGLTDTQY,,TRBJ2-3
ASSLEGASYNEQF,TRBV5-5,TRBJ2-1
ASSSGQENSPLH,TRBV7-9,TRBJ1-6
ASSRNRGYEQY,,TRBJ2-7
ASSLEQGGTEAF,TRBV5-4,TRBJ1-1
ASSLGSQETQY,TRBV7-7,TRBJ2-5
ASSPGQGNEKLF,TRBV2,TRBJ1-4
ASSLFHTEAF,TRBV28,TRBJ1-1
ASSQEQGSYNEQF,TRBV4-1,TRBJ2-1
ATSRGQGGREQY,TRBV15,TRBJ2-7
ASSALGGAGTGELF,TRBV9,TRBJ2-2
ASRKTGGNQPQH,,TRBJ1-5
ASSLVGNTEAF,TRBV7-6,TRBJ1-1
ASSPGTGGSTEAF,TRBV5-1,TRBJ1-1
ASSLGGTVNEKLF,TRBV7-2,TRBJ1-4
ASSDGYGYT,TRBV10-1,TRBJ1-2
ASSQGGNSYEQY,TRBV4-2,TRBJ2-7
ASSPYNEQF,TRBV7-2,TRBJ2-1
ASSSPGQGATNEKLF,TRBV28,TRBJ1-4
ASSSDRNTEAF,TRBV5-4,TRBJ1-1
ASSPGRADTQY,TRBV18,TRBJ2-3
ASSPRTGYEQY,TRBV7-2,TRBJ2-7
ASSLGLAGGRETQY,,TRBJ2-5
ASSYVRTGGSYGYT,TRBV6-5,TRBJ1-2
ASSPSGANVLT,TRBV5-4,TRBJ2-6
ASSLGPAGLSTDTQY,TRBV7-2,TRBJ2-3
ASMGGASYEQY,TRBV27,TRBJ2-7
ASSAQGAYEQY,TRBV9,TRBJ2-7
ASSLNRAVNEKLF,TRBV5-4,TRBJ1-4
ASSPPSGLTDTQY,TRBV28,TRBJ2-3
ASSQNRGQETQY,TRBV14,TRBJ2-5
SVRDNYNQPQH,TRBV29-1,TRBJ1-5
ASSLPSGLTDTQY,TRBV28,TRBJ2-3
ASSVTGGTDTQY,TRBV9,TRBJ2-3
ASSDRGNTGELF,TRBV4-1,TRBJ2-2
ASSEASYSNQPQH,TRBV6-1,TRBJ1-5
ASSRDRNSYEQY,TRBV27,TRBJ2-7
ASSLFGTGGNTEAF,TRBV5-6,TRBJ1-1
ASSLDVADTQY,TRBV7-8,TRBJ2-3
SAGRDTEAF,TRBV20-1,TRBJ1-1
ASSFRGGNTEAF,TRBV13,TRBJ1-1
ASSLTDTGELF,TRBV11-2,TRBJ2-2
ASSGQGAYEQY,TRBV9,TRBJ2-7
ASSLQGINQPQH,TRBV5-6,TRBJ1-5
ASSLAGVDYEQY,TRBV7-9,TRBJ2-7
AWSLTTEAF,TRBV30,TRBJ1-1
ASSLVAGGRETQY,TRBV5-6,TRBJ2-5
SALSETQY,TRBV20-1,TRBJ2-5
ASSLGSSSYNEQF,TRBV7-2,TRBJ2-1
ASSPSTGTEAF,TRBV5-6,TRBJ1-1
ASSLRREKLF,TRBV5-6,TRBJ1-4
ASSLQGYSNQPQH,TRBV5-8,TRBJ1-5
SAWGLAGQETQY,,TRBJ2-5
ASSLLAGGRETQY,TRBV5-6,TRBJ2-5
SARLSNQPQH,,TRBJ1-5
ASSPGGTQY,,TRBJ2-5
ASSRNRGQETQY,TRBV14,TRBJ2-5
ASSPRGDTIY,TRBV18,TRBJ1-3
ASSLGHRDSSYEQY,TRBV5-1,TRBJ2-7
ASSLGGAGDTQY,,TRBJ2-3
ASSTSGNTIY,TRBV6-5,TRBJ1-3
ASSYGGEGYT,TRBV6-5,TRBJ1-2
ASSTLRETQY,,TRBJ2-5
ASSPGTDSNQPQH,TRBV5-1,TRBJ1-5
SARAGGSSYEQY,,TRBJ2-7
SARRLETQY,TRBV20-1,TRBJ2-5
ASSLALGNYGYT,TRBV7-2,TRBJ1-2
SVGPSSYEQY,TRBV29-1,TRBJ2-7
ASSIRTGGNQPQH,TRBV19,TRBJ1-5
ASSLEGGGQPQH,TRBV7-9,TRBJ1-5
ASSSGGDGYT,TRBV6-5,TRBJ1-2
ASSPLTYEQY,TRBV18,TRBJ2-7
ASSQAGSSGNTIY,,TRBJ1-3
ASSPGSGANVLT,TRBV19,TRBJ2-6
ASSPGLAGGLETQY,,TRBJ2-5
ASSVEGGYEQY,TRBV9,TRBJ2-7
ATSDGDTQY,,TRBJ2-3
ASSLPGTDTQY,TRBV5-4,TRBJ2-3
ATSDGDEQF,,TRBJ2-1
ASSLGAGNQPQH,TRBV28,TRBJ1-5
SASDGQPQH,TRBV20-1,TRBJ1-5
SASPGQGASYGYT,,TRBJ1-2
AWKGTGNTIY,TRBV30,TRBJ1-3
ATSRGTVSYEQY,TRBV15,TRBJ2-7
ASSRLAGGTDTQY,TRBV7-3,TRBJ2-3
ASSLVGEGETQY,TRBV5-1,TRBJ2-5
ASSVGGGFQETQY,TRBV9,TRBJ2-5
ASSFSGPSYEQY,TRBV7-2,TRBJ2-7
ASSIGPLEHNEQF,TRBV19,TRBJ2-1
ASTRTGSSYNEQF,,TRBJ2-1
SARERAKNIQY,,TRBJ2-4
ASSAGQGVTYEQY,TRBV9,TRBJ2-7
ASSWGQGRNQPQH,,TRBJ1-5
ASSLAGTSGEQF,TRBV5-1,TRBJ2-1
ASSRPGELF,TRBV6-1,TRBJ2-2
ASSLLASGSYEQY,TRBV5-1,TRBJ2-7
ASSLTGGSYEQY,TRBV11-2,TRBJ2-7
ASSLGDRAYNEQF,TRBV5-6,TRBJ2-1
ASSLRTENSPLH,TRBV5-1,TRBJ1-6
ASSPLGGTTEAF,TRBV18,TRBJ1-1
ATSDSVYGYT,,TRBJ1-2
ASSYGAGGNEQF,TRBV6-5,TRBJ2-1
ASSPTGTSGYEQY,TRBV9,TRBJ2-7
ASSSRGGRETQY,TRBV7-2,TRBJ2-5
ASSEEGYNEQF,TRBV2,TRBJ2-1
SARSPEAF,TRBV20-1,TRBJ1-1
ASSFSETQY,TRBV11-3,TRBJ2-5
ASSPDNSGNTIY,TRBV18,TRBJ1-3
ASSSRNTEAF,TRBV11-3,TRBJ1-1
ASRPTGYEQY,TRBV6-1,TRBJ2-7
ASSLGTGEAF,TRBV5-4,TRBJ1-1
ASRAGGPNEQF,TRBV6-5,TRBJ2-1
ASSLQGGETQY,TRBV7-6,TRBJ2-5
ASSLVPGNTIY,TRBV7-8,TRBJ1-3
ASSLLWDQPQH,TRBV5-5,TRBJ1-5
ASSLNGGNTEAF,,TRBJ1-1
ASSLVRTDTQY,TRBV7-2,TRBJ2-3
ASSPDRSYGYT,TRBV6-6,TRBJ1-2
ASSPRQGDEKLF,,TRBJ1-4
ASSLATGGAYNEQF,TRBV5-1,TRBJ2-1
ASSQDLRGGNQPQH,TRBV4-3,TRBJ1-5
ASSTTGGDGYT,TRBV19,TRBJ1-2
ASSYRRPSSYNEQF,TRBV6-5,TRBJ2-1
ASSITGELF,TRBV28,TRBJ2-2
ASSLAPGATNEKLF,TRBV7-6,TRBJ1-4
ASSSGQVQETQY,TRBV11-2,TRBJ2-5
SALGHSNQPQH,,TRBJ1-5
ASSFPGGETQY,TRBV11-1,TRBJ2-5
ASSERDTQY,TRBV19,TRBJ2-3
ASASANYGYT,,TRBJ1-2
AWSVSDLAKNIQY,TRBV30,TRBJ2-4
ASSGRDRTYNEQF,TRBV9,TRBJ2-1
SATPGQGASYGYT,,TRBJ1-2
ASSLASGGTEAF,TRBV5-1,TRBJ1-1
SARAQGSEKLF,,TRBJ1-4
ASSLDSGGTDTQY,TRBV7-3,TRBJ2-3
ASSHGTGDYEQY,TRBV4-3,TRBJ2-7
ASSPGTGPNYGYT,TRBV18,TRBJ1-2
ASSPVSNEQF,TRBV28,TRBJ2-1
ASSPGRAYEQY,,TRBJ2-7
ASSLVLAGQETQY,TRBV5-4,TRBJ2-5
SVETGTYGYT,TRBV29-1,TRBJ1-2
ATSDPRGSGEKLF,,TRBJ1-4
ASSTGGAQPQH,TRBV19,TRBJ1-5
ASSLGQGLAEAF,TRBV5-1,TRBJ1-1
ASSVDGGRGTEAF,TRBV9,TRBJ1-1
ASSLGQGGYGYT,TRBV9,TRBJ1-2
ASSLEGQGHNEQF,TRBV5-1,TRBJ2-1
ASSYSGTTGELF,TRBV6-5,TRBJ2-2
ASSPQRNTEAF,TRBV4-3,TRBJ1-1
ASSYHPSSYNEQF,TRBV6-5,TRBJ2-1
ASSSGLAGGSTDTQY,,TRBJ2-3
SARGLGSGNTIY,,TRBJ1-3
ASRRDTGELF,TRBV5-4,TRBJ2-2
ASSSGMNTEAF,TRBV18,TRBJ1-1
ASSGTGVYGYT,TRBV6-5,TRBJ1-2
ASSYRQETQY,TRBV6-5,TRBJ2-5
ASRRQGLNTEAF,TRBV19,TRBJ1-1
AWSTGGSGNTIY,TRBV30,TRBJ1-3
ASSPQGFGNTIY,TRBV18,TRBJ1-3
ASSSGGFSGNTIY,TRBV7-9,TRBJ1-3
ASSLNMNTEAF,TRBV5-1,TRBJ1-1
AISEAQNTEAF,TRBV10-3,TRBJ1-1
ASSPTGTDTQY,TRBV5-6,TRBJ2-3
SARSSGYT,TRBV20-1,TRBJ1-2
SVRTDQETQY,TRBV29-1,TRBJ2-5
ASSLFGQGGNTEAF,TRBV5-6,TRBJ1-1
ASSLLQGARTEAF,TRBV7-9,TRBJ1-1
ASSERKNYGYT,TRBV6-1,TRBJ1-2
ASSFPTSGQETQY,TRBV7-9,TRBJ2-5
ASSQVETDTQY,,TRBJ2-3
ASSYNPYSNQPQH,TRBV6-6,TRBJ1-5
SASGQGAEAF,,TRBJ1-1
ASSRTDGYT,TRBV19,TRBJ1-2
ASSLNRGQETQY,TRBV14,TRBJ2-5
ASRGTYNEQF,TRBV19,TRBJ2-1
ASTPGDEQF,TRBV25-1,TRBJ2-1
ASSARQSSYEQY,TRBV9,TRBJ2-7
ASSLRGVNYGYT,TRBV27,TRBJ1-2
ASSSGLAGDTGELF,,TRBJ2-2
ASSPGPMNTEAF,TRBV19,TRBJ1-1
ASSLGVGPYNEQF,TRBV7-2,TRBJ2-1
ASSLHGYT,TRBV28,TRBJ1-2
ASSRDRIYEQY,,TRBJ2-7
ASSQNRAQETQY,TRBV14,TRBJ2-5
ASSPAGGTYEQY,TRBV5-4,TRBJ2-7
SAALEETQY,TRBV20-1,TRBJ2-5
ASSPQGAYEQY,TRBV9,TRBJ2-7
ASSIEGNQPQH,TRBV28,TRBJ1-5
SASDHEQY,TRBV20-1,TRBJ2-7
ASSVTGNQETQY,TRBV9,TRBJ2-5
ASSPPGTSGSTDTQY,TRBV18,TRBJ2-3
ASSQDPRGTEAF,,TRBJ1-1
ASSLTLNTEAF,TRBV2,TRBJ1-1
ASRRQGADGYT,,TRBJ1-2
ASSVLAGGSGELF,TRBV2,TRBJ2-2
ASSRLAASTDTQY,TRBV7-3,TRBJ2-3
ASSLTGEETQY,TRBV11-3,TRBJ2-5
ASSLYGYT,TRBV28,TRBJ1-2
ASSPGDEQY,TRBV25-1,TRBJ2-7
ASGRDTYEQY,TRBV2,TRBJ2-7
ASSEEGIQPQH,TRBV2,TRBJ1-5
ASSVDRNEQF,TRBV2,TRBJ2-1
ASSRDRNYGYT,TRBV6-4,TRBJ1-2
ASSRGRQETQY,TRBV7-6,TRBJ2-5
ASSEARGGVEKLF,TRBV6-1,TRBJ1-4
ASTPGDTIY,TRBV25-1,TRBJ1-3
ASSRDLETQY,TRBV7-2,TRBJ2-5
ATSDSVTNTGELF,,TRBJ2-2
ASSQDREDQPQH,TRBV4-1,TRBJ1-5
ASSLGRNYGYT,TRBV7-6,TRBJ1-2
ASSQDPGGPYNEQF,,TRBJ2-1
ASSADQPQH,TRBV2,TRBJ1-5
ASSFSETQY,TRBV7-6,TRBJ2-5
ASSEIPNTEAF,TRBV6-4,TRBJ1-1
ASSLDGKGYT,TRBV5-1,TRBJ1-2
ASSSAYYGYT,,TRBJ1-2
ASSLGLKGTQY,,TRBJ2-5
ASRGQGAGELF,TRBV2,TRBJ2-2
ATSREGSGYEQY,TRBV15,TRBJ2-7
ASSSQGVRTEAF,,TRBJ1-1
ASSGDSYYGYT,TRBV9,TRBJ1-2
ASSQDRANTGELF,TRBV5-1,TRBJ2-2
ASSVTPGYEQY,TRBV9,TRBJ2-7
ATSRDREGGYT,TRBV15,TRBJ1-2
SVEDRIYGYT,TRBV29-1,TRBJ1-2
ASSLLGGDTEAF,TRBV5-1,TRBJ1-1
ASSIGGGGPEAF,TRBV19,TRBJ1-1
ASSPRGSTEAF,TRBV14,TRBJ1-1
ASSSPPTYEQY,TRBV5-1,TRBJ2-7
ASSLPGRNTEAF,TRBV5-1,TRBJ1-1
ASSLEAEYEQY,TRBV7-2,TRBJ2-7
ASSRDRNTEAF,TRBV11-1,TRBJ1-1
ASSPPTGLTDTQY,TRBV28,TRBJ2-3
ASSQGSSYNEQF,TRBV6-5,TRBJ2-1
ASSLGHRDTNTGELF,TRBV5-1,TRBJ2-2
ASSLRGSSYNEQF,TRBV5-8,TRBJ2-1
SARTGRDYEQY,,TRBJ2-7
ASSEAGLGYT,TRBV6-1,TRBJ1-2
SGGGANTEAF,TRBV29-1,TRBJ1-1
ASSRNRAQETQY,TRBV14,TRBJ2-5
SARGTSGSSETQY,,TRBJ2-5
ASSLGWTEAF,TRBV5-1,TRBJ1-1
ASSFVNSYEQY,,TRBJ2-7
ASSVGSGGYYEQY,TRBV9,TRBJ2-7
AISESTGYYGYT,TRBV10-3,TRBJ1-2
ASSLDGPYGYT,TRBV7-9,TRBJ1-2
AISESTGEGYGYT,TRBV10-3,TRBJ1-2
ASRGGDEQY,TRBV2,TRBJ2-7
ASSYVRTGGNYGYT,TRBV6-5,TRBJ1-2
ATSRDTQGSYGYT,TRBV15,TRBJ1-2
SVRDNHNQPQH,TRBV29-1,TRBJ1-5
ATSRDSQGSYGYT,TRBV15,TRBJ1-2
ASSRSGGSSYNEQF,TRBV7-3,TRBJ2-1
ASSSTGWNTEAF,,TRBJ1-1
ASSIRTNYYGYT,TRBV19,TRBJ1-2
ASSHGTGGSYEQY,TRBV4-3,TRBJ2-7
ASRAVSTDTQY,,TRBJ2-3
ASSLETYGYT,TRBV5-6,TRBJ1-2
ASSRMENTEAF,TRBV5-1,TRBJ1-1
ATSRVAGETQY,TRBV15,TRBJ2-5
ASSPGTAYSNQPQH,,TRBJ1-5
ASSLEGVRYGYT,TRBV5-1,TRBJ1-2
ASSLVGRGDTEAF,TRBV5-1,TRBJ1-1
ASSPGQGDYGYT,TRBV7-3,TRBJ1-2
ASRPQGNYGYT,TRBV28,TRBJ1-2
ASSRGGAETQY,TRBV7-9,TRBJ2-5
ASSLAAGANEQY,TRBV7-2,TRBJ2-7
ASTPPGSNQPQH,TRBV6-5,TRBJ1-5
ASSIWGLDTEAF,TRBV19,TRBJ1-1
AWSVFSNQPQH,TRBV30,TRBJ1-5
ASSSDSGGTDTQY,TRBV7-3,TRBJ2-3
ASSLLAREQY,TRBV28,TRBJ2-7
SVRDNFNQPQH,TRBV29-1,TRBJ1-5
ASSLTAVTEAF,TRBV7-3,TRBJ1-1
ASSLSRDTYNEQF,TRBV27,TRBJ2-1
ASSPRAYEQY,TRBV11-1,TRBJ2-7
ASSWEVNTEAF,TRBV5-1,TRBJ1-1
ASSLTGGNSGNTIY,TRBV7-2,TRBJ1-3
ASSEGRAETQY,TRBV2,TRBJ2-5
SVEVRGTDTQY,TRBV29-1,TRBJ2-3
ASSPEDSPRETQY,TRBV4-1,TRBJ2-5
ASRPAGNQPQH,TRBV6-5,TRBJ1-5
ASSSGTGDEQY,TRBV5-1,TRBJ2-7
ASSAEGGNTIY,TRBV9,TRBJ1-3
ASSSDSGGTDTQY,TRBV7-2,TRBJ2-3
AWSGQGVGGYT,TRBV30,TRBJ1-2
ASSPRWQETQY,TRBV27,TRBJ2-5
ASSEARTRAF,TRBV6-1,TRBJ1-1
ASSVLAGPTDTQY,TRBV9,TRBJ2-3
ASSLGTVGGYT,,TRBJ1-2
ASSVGQGSSYEQY,TRBV9,TRBJ2-5
AISESGTGGGYT,TRBV10-3,TRBJ1-2
ASSEEAGGSGYT,TRBV6-1,TRBJ1-2
ASSGAYNEQF,,TRBJ2-1
ASRTDSGANVLT,TRBV6-4,TRBJ2-6
SARGTGRNEKLF,,TRBJ1-4
ASSSTPSYEQY,,TRBJ2-7
SAALGSTDTQY,,TRBJ2-3
ASSLALGDTGELF,TRBV7-2,TRBJ2-2
SVVGANEQF,TRBV29-1,TRBJ2-1
ASSPLNEKLF,TRBV7-9,TRBJ1-4
ATSDSPYGYT,,TRBJ1-2
ASSQALAGTDTQY,,TRBJ2-3
ASSLTGVTYEQY,TRBV7-9,TRBJ2-7
ASSPDRENGYT,TRBV18,TRBJ1-2
ASSEAPSTSTDTQY,TRBV2,TRBJ2-3
ASSRSGLAGNTDTQY,,TRBJ2-3
ASSRNRESNQPQH,TRBV6-5,TRBJ1-5
ASSLLAGANTGELF,TRBV5-4,TRBJ2-2
ASSLRGQSTDTQY,TRBV27,TRBJ2-3
ASNRDRGRYEQY,TRBV6-1,TRBJ2-7
ASSPQGDNEQF,TRBV5-1,TRBJ2-1
ASSLGASGSRTDTQY,TRBV7-9,TRBJ2-3
ASSESGDPSSYEQY,TRBV10-1,TRBJ2-7
ASSFQGRNQPQH,TRBV5-6,TRBJ1-5
ASSLGDRPDTQY,TRBV11-2,TRBJ2-3
ASSFRQGAGETQY,,TRBJ2-5
ASSFHNEQF,TRBV7-8,TRBJ2-1
ASSLQAGANEQF,TRBV7-2,TRBJ2-1
ASRTGESGYT,TRBV6-5,TRBJ1-2
ASSPRGLPYEQY,TRBV18,TRBJ2-7
ASSALGGNYGYT,TRBV9,TRBJ1-2
SAGGASSYEQY,,TRBJ2-7
ASRGQGWDEKLF,TRBV6-5,TRBJ1-4
ASSLAAGANEQF,TRBV7-2,TRBJ2-1
ASSWDRGTEAF,TRBV6-5,TRBJ1-1
ASSLDPGLAGEQY,TRBV5-1,TRBJ2-7
ASSQGPYEQY,TRBV6-6,TRBJ2-7
SASLDSATNEKLF,,TRBJ1-4
ASSRDGGNQPQH,TRBV5-1,TRBJ1-5
ASSVGDPTDTQY,TRBV9,TRBJ2-3
ASSLATDTQY,TRBV9,TRBJ2-3
ASSHRDRNYEQY,TRBV7-9,TRBJ2-7
ATSDSGFNQPQH,,TRBJ1-5
ASSGQGYNEQF,TRBV9,TRBJ2-1
ASSPSRNTEAF,TRBV4-3,TRBJ1-1
ASSLLTGEKLF,TRBV7-9,TRBJ1-4
ASSIQGYSNQPQH,TRBV5-8,TRBJ1-5
ASSLGTSGTNEQF,TRBV7-9,TRBJ2-1
ASSPGQEAGANVLT,TRBV5-1,TRBJ2-6
ASSINRGTYEQY,TRBV19,TRBJ2-7
ASSLVIGGDTEAF,TRBV5-1,TRBJ1-1
ASSSTSGFSYEQY,TRBV5-4,TRBJ2-7
ASSSGLAGGPYEQY,TRBV5-1,TRBJ2-7
ASSYGGLGSYEQY,TRBV6-5,TRBJ2-7
ASSGAGEKLF,TRBV2,TRBJ1-4
ASSPPGQGSDTQY,TRBV18,TRBJ2-3
ASSPGGASSYEQY,TRBV5-4,TRBJ2-7
ASSQGSGGTQY,,TRBJ2-5
SVEEDEGIYGYT,TRBV29-1,TRBJ1-2
ASSLGSNNQPQH,,TRBJ1-5
SVGQYYGYT,TRBV29-1,TRBJ1-2
ATSDFVRGTDTQY,,TRBJ2-3
ASSLRLAGLYEQY,TRBV27,TRBJ2-7
ASRSDSGANVLT,TRBV6-4,TRBJ2-6
ASSLGQGAGETQY,TRBV5-8,TRBJ2-5
ASNRDRGRYEQY,TRBV6-5,TRBJ2-7
ASSPPGGGGNTIY,TRBV18,TRBJ1-3
ASSQRTSGAYNEQF,TRBV4-2,TRBJ2-1
AISESQDRGHEQY,TRBV10-3,TRBJ2-7
AWNRGTTEAF,TRBV30,TRBJ1-1
ASSYSSGGAHEQF,TRBV6-5,TRBJ2-1
ASSLTGVDYEQY,TRBV7-9,TRBJ2-7
ASSLVASGRETQY,TRBV5-6,TRBJ2-5
ASSQDHRVYGYT,,TRBJ1-2
ASGQGGGQPQH,,TRBJ1-5
ASSSGQVYGYT,TRBV5-6,TRBJ1-2
ASSSAGADTQY,TRBV7-9,TRBJ2-3
ASSLVANSNQPQH,TRBV7-2,TRBJ1-5
ASSEGNMNTEAF,TRBV6-1,TRBJ1-1
ASSQGRHTDTQY,TRBV14,TRBJ2-3
ASSQDRGVNQPQH,,TRBJ1-5
ASSLAGRGSYEQY,,TRBJ2-7
ASSGLNEQF,TRBV6-1,TRBJ2-1
ASSPRTSGSTDTQY,TRBV7-6,TRBJ2-3
ASSLTASSYEQY,TRBV5-1,TRBJ2-7
ASSPTGGFEKLF,TRBV18,TRBJ1-4
ASSPQDRVYGYT,TRBV27,TRBJ1-2
ASSRDPAYEQY,TRBV5-1,TRBJ2-7
ASRDWDYTDTQY,TRBV2,TRBJ2-3
ASSSRGTGELF,TRBV28,TRBJ2-2
SATRTSGTTDTQY,,TRBJ2-3
SVRDNINQPQH,TRBV29-1,TRBJ1-5
ASSYVQGGYGYT,TRBV6-5,TRBJ1-2
AWSVVGSTDTQY,TRBV30,TRBJ2-3
ASSVVPGGYNEQF,TRBV9,TRBJ2-1
ASSGQGTTEAF,TRBV6-1,TRBJ1-1
ASSLVGTAEAF,TRBV7-2,TRBJ1-1
ASSRTGAGETQY,TRBV19,TRBJ2-5
SATSGGSNTGELF,,TRBJ2-2
ASSYSSSDTDTQY,,TRBJ2-3
ASSFRDSYGYT,TRBV11-2,TRBJ1-2
ASSLGTATYGYT,TRBV5-1,TRBJ1-2
ASSYVYEQY,TRBV28,TRBJ2-7
ASSARTGGTDTQY,TRBV6-1,TRBJ2-3
ASRTQGSNTGELF,,TRBJ2-2
SVETGFYEQY,TRBV29-1,TRBJ2-7
ASSYSGAATNEKLF,TRBV5-1,TRBJ1-4
ASSPISNEQF,TRBV28,TRBJ2-1
ASSYSDRRTEAF,TRBV6-5,TRBJ1-1
ASSENRGLNEKLF,TRBV5-4,TRBJ1-4
ASNRDSYNEQF,,TRBJ2-1
ASSVRNTIY,,TRBJ1-3
ASSLVLGNTIY,TRBV5-1,TRBJ1-3
AWSPLTPNTEAF,TRBV30,TRBJ1-1
SARDHGGSSYEQY,,TRBJ2-7
ASSENGGNQPQH,TRBV6-1,TRBJ1-5
ASSVQGTGNTIY,TRBV6-1,TRBJ1-3
ASSPRQGATEAF,TRBV7-3,TRBJ1-1
ASSPGTSNTGELF,TRBV19,TRBJ2-2
ASSLGHRDPNTGELF,TRBV5-1,TRBJ2-2
ASRGDSGANVLT,TRBV4-2,TRBJ2-6
ASSFLRGYGYT,,TRBJ1-2
ASSRQGAGETQY,TRBV19,TRBJ2-5
ASSYGTSGSSYEQY,,TRBJ2-7
ASSHPYEKLF,TRBV4-1,TRBJ1-4
ASSLGIDTQY,TRBV5-4,TRBJ2-3
ASSLGVDNEQF,TRBV7-9,TRBJ2-1
SASGGHEQF,TRBV20-1,TRBJ2-1
ASSLEAGSTDTQY,TRBV7-6,TRBJ2-3
ASSVSDTDTQY,TRBV9,TRBJ2-3
ASSLLAADTQY,TRBV5-4,TRBJ2-3
ASSLEGQGFGYT,TRBV5-1,TRBJ1-2
ASSFRTVSSYEQY,TRBV7-8,TRBJ2-7
ASSPHRNTEAF,TRBV4-3,TRBJ1-1
ATSDSRTGGQETQY,,TRBJ2-5
ASSESGHRNQPQH,TRBV10-2,TRBJ1-5
ASSFHGFNQPQH,TRBV5-6,TRBJ1-5
ASSLGPTDEQY,TRBV5-6,TRBJ2-7
ASSEGARQPQH,TRBV10-2,TRBJ1-5
ASSRGQGDTEAF,TRBV6-1,TRBJ1-1
ASSEDRSTGELF,TRBV2,TRBJ2-2
ASSSRTGEETQY,TRBV11-3,TRBJ2-5
ASSSESNQPQH,,TRBJ1-5
ASSLEAENEQF,TRBV7-2,TRBJ2-1
ASSQEPGQGDNEQF,TRBV14,TRBJ2-1
ASSLVAAGRETQY,TRBV5-6,TRBJ2-5
ASSTGPQPQH,TRBV19,TRBJ1-5
ASSLAVLPTDTQY,TRBV7-9,TRBJ2-3
ASMGSSYEQY,TRBV6-5,TRBJ2-7
ASNNYNEQF,TRBV7-9,TRBJ2-1
SVEGNSYNEQF,TRBV29-1,TRBJ2-1
ASSESTGGYEQY,TRBV10-2,TRBJ2-7
ASSLGRGYEKLF,TRBV5-6,TRBJ1-4
ASSLRVGEQF,TRBV5-6,TRBJ2-1
ASSLVPHEQY,TRBV11-3,TRBJ2-7
AISEGLAGGDEQF,TRBV10-3,TRBJ2-1
ASSSWGNEQF,TRBV11-3,TRBJ2-1
ASSPPSGGYNEQF,TRBV28,TRBJ2-1
ASSPRGQNTDTQY,TRBV18,TRBJ2-3
ASRNTGGTEAF,TRBV5-1,TRBJ1-1
ASTPDRNQPQH,TRBV2,TRBJ1-5
ASRLGETQY,TRBV11-2,TRBJ2-5
AWSALTPNTEAF,TRBV30,TRBJ1-1
ASSVTDSNQPQH,TRBV6-5,TRBJ1-5
ASSTPQETQY,TRBV18,TRBJ2-5
ASSSSGSSYNEQF,TRBV5-5,TRBJ2-1
ASSVAPGISYEQY,TRBV9,TRBJ2-7
ASSQDPGQGDNEQF,TRBV14,TRBJ2-1
ASSQARVHGYT,,TRBJ1-2
ASSASGGRNQPQH,TRBV5-1,TRBJ1-5
ATSDAGQGDTEAF,,TRBJ1-1
ASTGQGTDTQY,TRBV2,TRBJ2-3
SALTGRTDTQY,,TRBJ2-3
ASSWDRDNSPLH,TRBV25-1,TRBJ1-6
SARDGRATEAF,,TRBJ1-1
ASRDRDRVNTEAF,TRBV6-1,TRBJ1-1
SAREGDRDTDTQY,,TRBJ2-3
ASSTGPGETQY,TRBV5-1,TRBJ2-5
ASSPARVGTEAF,TRBV18,TRBJ1-1
AWGGGADTQY,TRBV30,TRBJ2-3
ASSVASGEDTQY,TRBV9,TRBJ2-3
ASSLQGAGYGYT,TRBV19,TRBJ1-2
ASGVDRGETQY,TRBV12-5,TRBJ2-5
ASSSGLAGLETQY,TRBV6-5,TRBJ2-5
ASRGAAQETQY,TRBV6-1,TRBJ2-5
SASPGVGDTEAF,,TRBJ1-1
ASSLSGRVSYEQY,TRBV28,TRBJ2-7
ASSFLDRKNYGYT,TRBV28,TRBJ1-2
ASSSATYGYT,,TRBJ1-2
ASSPTGGELF,TRBV18,TRBJ2-2
SATVANYGYT,,TRBJ1-2
ATSDLRQYNEQF,,TRBJ2-1
ATSREGQSNQPQH,TRBV15,TRBJ1-5
ASSAGQGANSPLH,TRBV5-1,TRBJ1-6
ASSQGWGDQPQH,TRBV4-1,TRBJ1-5
ASSVETGGTEAF,TRBV2,TRBJ1-1
