TGCGCCAGCAGCCAAGCCCTACCCGCTAGGACCGGAGGTAACGGACCCTCCTATAATTCACCCCTCCACTTT	CASSQALPARTGGNGPSYNSPLHF	TRBV4-1	TRBJ1-6
TGTGCCAGCAGCTTGTACGGGTTAGTGGGGTGGTACACCGGGGAGCTGTTTTTT	CASSLYGLVGWYTGELFF	TRBV5-5	TRBJ2-2
TGTGCCAGCAGTAGCGGGGGGGTGCGCACAGATACGCAGTATTTT	CASSSGGVRTDTQYF	TRBV6-1	TRBJ2-3
TGTGCCAGCTCACCAACCAGGATGATGAACACTGAAGCTTTCTTT	CASSPTRMMNTEAFF	TRBV18	TRBJ1-1
TGCGCCAGAATAGAGGGCAATCAGCCCCAGCATTTT	CARIEGNQPQHF	TRBV5-1	TRBJ1-5
TGCGCCAGCAGCTTTTCCAGATACTACACTTATAGCAATCAGCCCCAGCATTTT	CASSFSRYYTYSNQPQHF	TRBV5-1	TRBJ1-5
TGCAGTGCTAGAGCCAGGGCGGGACAGGGGCGGTATGGCTACACCTTC	CSARARAGQGRYGYTF	TRBV20-1	TRBJ1-2
TGTGCCAGCATCGGGGGCTCCTACGAGCAGTACTTC	CASIGGSYEQYF	TRBV6-2	TRBJ2-7
TGTGCCAGCAGTGCGGACCAATGGGACGATTTCAATGAGCAGTTCTTC	CASSADQWDDFNEQFF	TRBV6-1	TRBJ2-1
TGTGCCAGCACGTACCCCTACGAGCAGTACTTC	CASTYPYEQYF	TRBV11-2	TRBJ2-7
TGTGCCAGCAAATTTATCCCCGGGACAGGGAGGAGGGGTAATGAAAAACTGTTTTTT	CASKFIPGTGRRGNEKLFF	TRBV27	TRBJ1-4
TGCGCCAGCAGCTTGGGGGGGACGGATGGGGTGACCTACGAGCAGTACTTC	CASSLGGTDGVTYEQYF	TRBV5-1	TRBJ2-7
TGTGCCAGCAGCCTCGAACTAGCGGGGTTGAAAGCGAACACCGGGGAGCTGTTTTTT	CASSLELAGLKANTGELFF	TRBV3-1	TRBJ2-2
TGTGCCAGCAGTGAAGCGTTAGGACAAAAGATATATAATTCACCCCTCCACTTT	CASSEALGQKIYNSPLHF	TRBV6-1	TRBJ1-6
TGTGCCAGCACAGGGTATGGCTACACCTTC	CASTGYGYTF	TRBV5-4	TRBJ1-2
TGTGCCTGGCAGGGGGGCTCCTATAATTCACCCCTCCACTTT	CAWQGGSYNSPLHF	TRBV30	TRBJ1-6
TGTGCCAGCCTTTACAGGGGTGCCAACACTGAAGCTTTCTTT	CASLYRGANTEAFF	TRBV6-1	TRBJ1-1
TGTGCCAGCAGCTTGAGGACCCAACGAACGTACACCTTC	CASSLRTQRTYTF	TRBV5-6	TRBJ1-2
TGTGCCAGCAGCTATGAAAGGAATGAGCAGTTCTTC	CASSYERNEQFF	TRBV7-3	TRBJ2-1
TGTGCCAGCAGCCCGAGCTCCTACAATGAGCAGTTCTTC	CASSPSSYNEQFF	TRBV7-9	TRBJ2-1
TGTGCCACAGAAACCGGGACAAGGTACTTC	CATETGTRYF	TRBV24-1	TRBJ2-5
TGCGCCAGCAGCCCACGACAGGGAAATAGCAATCAGCCCCAGCATTTT	CASSPRQGNSNQPQHF	TRBV4-1	TRBJ1-5
TGTGCCAGCAGTGCACAGGTAGCCGAGCAGTACTTC	CASSAQVAEQYF	TRBV25-1	TRBJ2-7
TGTGCCTGGAGTGCCTTTCATGCGGGCAAGAACACTGAAGCTTTCTTT	CAWSAFHAGKNTEAFF	TRBV30	TRBJ1-1
TGTGCCACCAGTGATTTGGTGGAAGCGGGAGGCGTGAACACTGAAGCTTTCTTT	CATSDLVEAGGVNTEAFF	TRBV24-1	TRBJ1-1
TGCAGTGCTAGTATGGAGCGGGGGAATGAAAAACTGTTTTTT	CSASMERGNEKLFF	TRBV20-1	TRBJ1-4
TGTGCCAGCAGTTTATCGGGCAGGGGAAACACCATATATTTT	CASSLSGRGNTIYF	TRBV27	TRBJ1-3
TGCGCCAGCAGCTTTTGGGCGCAGCAGGGTTACACTGAAGCTTTCTTT	CASSFWAQQGYTEAFF	TRBV5-1	TRBJ1-1
TGTGCCAGCAGTACAAGCGGGAGAGCCACTGAAGCTTTCTTT	CASSTSGRATEAFF	TRBV27	TRBJ1-1
TGTGCCACCCGGGGACGCAGTGAGCAGTTCTTC	CATRGRSEQFF	TRBV12-4	TRBJ2-1
TGTGCCAGCACCATGCACAGGGACACTGAAGCTTTCTTT	CASTMHRDTEAFF	TRBV6-8	TRBJ1-1
TGCAGTGCTAGCCGGGACAGGGGCGCCAATCAGCCCCAGCATTTT	CSASRDRGANQPQHF	TRBV20-1	TRBJ1-5
TGCGCCAGCAGCTTGGGGGGGGGGCCCTCCTACAATGAGCAGTTCTTC	CASSLGGGPSYNEQFF	TRBV5-1	TRBJ2-1
TGTGCCACCGTACGCTTACTCTACGAGCAGTACTTC	CATVRLLYEQYF	TRBV24-1	TRBJ2-7
TGCAGTGCTAGGCGGGAGAGGCGGACAGCCTACGAGCAGTACTTC	CSARRERRTAYEQYF	TRBV20-1	TRBJ2-7
TGTGCCAGCAGCTTAGTTAGGAGACAGGGCTCGGGCTATGGCTACACCTTC	CASSLVRRQGSGYGYTF	TRBV7-9	TRBJ1-2
TGTGCCAGCAGCTTCACGGACAGGGCACGGGCCAAAAACATTCAGTACTTC	CASSFTDRARAKNIQYF	TRBV7-2	TRBJ2-4
TGCGCCAGCAGCCAGTTCCGGCTTTACAATCAGCCCCAGCATTTT	CASSQFRLYNQPQHF	TRBV5-1	TRBJ1-5
TGTGCCAGCAGCTTAGATAACGTCGTACTCTACGAGCAGTACTTC	CASSLDNVVLYEQYF	TRBV11-3	TRBJ2-7
TGCAGTGCTAGAGTCCAGGTGGGCAACGTCCTGACTTTC	CSARVQVGNVLTF	TRBV20-1	TRBJ2-6
TGTGCCAGCAGCCCACTCCTAAGAGAGGATACGCAGTATTTT	CASSPLLREDTQYF	TRBV13	TRBJ2-3
TGCGCCAGCAGCTTGGCTAAAGGGGATCAGCCCCAGCATTTT	CASSLAKGDQPQHF	TRBV5-1	TRBJ1-5
TGTGCCAGCAGTTACTGTTGTTCTAGGTGCGACAGGGATGAAAAACTGTTTTTT	CASSYCCSRCDRDEKLFF	TRBV6-6	TRBJ1-4
TGCAGTGCTAGCACTCTTCGCGGGGGGCTCGACTACGAGCAGTACTTC	CSASTLRGGLDYEQYF	TRBV20-1	TRBJ2-7
TGTGCCAGCAGCCCCTCAGAGCCCCGGGCGGGACTAGCGGGGTACAATGAGCAGTTCTTC	CASSPSEPRAGLAGYNEQFF	TRBV5-6	TRBJ2-1
TGTGCCAGCAGCACAACGAGGGACAGCGGGGATGAGCAGTTCTTC	CASSTTRDSGDEQFF	TRBV13	TRBJ2-1
TGTGCCAGCAGTGAGAGGGGGGAGGGCTACACCTTC	CASSERGEGYTF	TRBV6-4	TRBJ1-2
TGTGCCAGCAGCAAGGGGACAGGGTGCTTGTCACCCCTCCACTTT	CASSKGTGCLSPLHF	TRBV13	TRBJ1-6
TGCAGTGCTAGGGTTTTCCCTAGCCAGGGGGGGGCTAATCAGCCCCAGCATTTT	CSARVFPSQGGANQPQHF	TRBV20-1	TRBJ1-5
TGTGCCAGCTCACCACAGGGACTAGAGGGTAAGGGGGACGAGCAGTACTTC	CASSPQGLEGKGDEQYF	TRBV18	TRBJ2-7
TGTGCCAGCAGCTTAAGTTTGGGGGGGAGATGCACAGATACGCAGTATTTT	CASSLSLGGRCTDTQYF	TRBV7-3	TRBJ2-3
TGTGCCAGCAGCTTTAGCAGGGCCAAAAACATTCAGTACTTC	CASSFSRAKNIQYF	TRBV11-1	TRBJ2-4
TGTGCCATCAGGGGCTTGGACGAGCAGTACTTC	CAIRGLDEQYF	TRBV10-3	TRBJ2-7
TGCGCCAGCGCCTTCTCTAGTGATACGCAGTATTTT	CASAFSSDTQYF	TRBV4-1	TRBJ2-3
TGTGCCAGTAGTATGGGAGAATCAGGAGAGAATCAGCCCCAGCATTTT	CASSMGESGENQPQHF	TRBV19	TRBJ1-5
TGTGCCAGCAGCTTAACGAGATGGGGGCACACAGATACGCAGTATTTT	CASSLTRWGHTDTQYF	TRBV7-3	TRBJ2-3
TGTGCTAGTGGTTTGGTACCCCTAGGGACTAGCCGAGCCTACGAGCAGTACTTC	CASGLVPLGTSRAYEQYF	TRBV12-5	TRBJ2-7
TGTGCCAGCAGCCAAGCTGGCGGGGGGATTGGAGCCGGGGAGCTGTTTTTT	CASSQAGGGIGAGELFF	TRBV14	TRBJ2-2
TGTGCCAGCAGCACAAAGCTGGGGCCTCCCCTATCCAACGTCCTGACTTTC	CASSTKLGPPLSNVLTF	TRBV13	TRBJ2-6
TGTGCCAGCAGTGACGGTCGTCGGCCCTTTGGGTCTGGGGCCAACGTCCTGACTTTC	CASSDGRRPFGSGANVLTF	TRBV6-4	TRBJ2-6
TGTGCCAGCAGTGTCTGGTCCCGGGACAAGGGAAACACCATATATTTT	CASSVWSRDKGNTIYF	TRBV25-1	TRBJ1-3
TGCAGCAACCATAACAGGGGGAACACTGAAGCTTTCTTT	CSNHNRGNTEAFF	TRBV29-1	TRBJ1-1
TGTGCCACCAGTGATTTGTCCCCGGGACAGGGAGGTATGAACACTGAAGCTTTCTTT	CATSDLSPGQGGMNTEAFF	TRBV24-1	TRBJ1-1
TGTGCCACCAGTGACCCCCGGCCGGAGAATGAAAAACTGTTTTTT	CATSDPRPENEKLFF	TRBV24-1	TRBJ1-4
TGTGCCAGCAGCATCATCCCCGAGAACACTGAAGCTTTCTTT	CASSIIPENTEAFF	TRBV13	TRBJ1-1
TGTGCCAGCTCACCACCCCACAGGGGGTGTGGAAACACCATATATTTT	CASSPPHRGCGNTIYF	TRBV18	TRBJ1-3
TGCGCCAGCAGCTTGGATAGGTACCCGGACAGGGGCATTCAGTACTTC	CASSLDRYPDRGIQYF	TRBV5-1	TRBJ2-4
TGCAGTGCTAGAGGCCTTGTCTGTAAGGCCGGGAACACAGATACGCAGTATTTT	CSARGLVCKAGNTDTQYF	TRBV20-1	TRBJ2-3
TGTGCCATCAGGGGACAGCGGCCCCAGCATTTT	CAIRGQRPQHF	TRBV10-3	TRBJ1-5
TGCAGCGTTGAACTCCAGGGAACTGAAGCTTTCTTT	CSVELQGTEAFF	TRBV29-1	TRBJ1-1
TGTGCCAGTAGTATCTACAGCCCGTTGGACTATGGCTACACCTTC	CASSIYSPLDYGYTF	TRBV19	TRBJ1-2
TGTGCCAGCAGCATAACAAAGGGACAGGGGAACACTGAAGCTTTCTTT	CASSITKGQGNTEAFF	TRBV7-4	TRBJ1-1
TGTGCCAGCAGCGCCCCCGGGGATTTTGGAAACACCATATATTTT	CASSAPGDFGNTIYF	TRBV9	TRBJ1-3
TGTGCCAGCAGCAGAGGACAGGGGGTGATCCGCTATGGCTACACCTTC	CASSRGQGVIRYGYTF	TRBV13	TRBJ1-2
TGCAGTGCTAGATGGGACAGGTCGATGAACACTGAAGCTTTCTTT	CSARWDRSMNTEAFF	TRBV20-1	TRBJ1-1
TGTGCCAGCAAGCAGTGGGTCGGACTAGCGGTCCGCACCTACGAGCAGTACTTC	CASKQWVGLAVRTYEQYF	TRBV13	TRBJ2-7
TGTGCCAGCGTGGGCAACTCCTATAATTCACCCCTCCACTTT	CASVGNSYNSPLHF	TRBV19	TRBJ1-6
TGTGCCAGCAGTTTATGCTTGGGAATCGGGGAGCTGTTTTTT	CASSLCLGIGELFF	TRBV28	TRBJ2-2
TGTGCCAGCAGTCTGCCTCAGACCGGGGAGCTGTTTTTT	CASSLPQTGELFF	TRBV27	TRBJ2-2
TGTGCCAGTAGTATATACAGGACGAACACCGGGGAGCTGTTTTTT	CASSIYRTNTGELFF	TRBV19	TRBJ2-2
TGTGCCAGCAGCTTTAAGCACACAGATACGCAGTATTTT	CASSFKHTDTQYF	TRBV13	TRBJ2-3
TGTGCCAGCCCCGGGACAGATGAGCAGTACTTC	CASPGTDEQYF	TRBV27	TRBJ2-7
TGTGCCAGCAGTGTCAGTTGGAACGCCTACGAGCAGTACTTC	CASSVSWNAYEQYF	TRBV25-1	TRBJ2-7
TGTGCCAGCAGCTTGAACCTAGCGGGAGACACTGAAGCTTTCTTT	CASSLNLAGDTEAFF	TRBV7-8	TRBJ1-1
TGTGCCAGCAACAGGGACGAGCAGTACTTC	CASNRDEQYF	TRBV6-4	TRBJ2-7
TGTGCCAGCAGCTTATGTTCTTGGGAGTGGAACACCGGGGAGCTGTTTTTT	CASSLCSWEWNTGELFF	TRBV7-8	TRBJ2-2
TGTGCCAGCAGGACAGGTCAGCCCCAGCATTTT	CASRTGQPQHF	TRBV6-5	TRBJ1-5
TGTGCCAGCAGCTTAAGTCAACCAGGGGAGGGGCGGGGCGCGGGAGAGACCCAGTACTTC	CASSLSQPGEGRGAGETQYF	TRBV7-3	TRBJ2-5
TGTGCCAGCTCACCGGCACGGGACAGAGTAGGAGATACGCAGTATTTT	CASSPARDRVGDTQYF	TRBV18	TRBJ2-3
TGTGCCAGCAGTGCCGGGGCTGCCGGAATCTACGAGCAGTACTTC	CASSAGAAGIYEQYF	TRBV25-1	TRBJ2-7
TGTGCTAGTGGTTGGTTCCGGACAGGGGACCTAGATCAGCCCCAGCATTTT	CASGWFRTGDLDQPQHF	TRBV12-5	TRBJ1-5
TGTGCCAGCTACGAAGGTGCGGGAGGGTACAATGAGCAGTTCTTC	CASYEGAGGYNEQFF	TRBV6-3	TRBJ2-1
TGTGCCAGCAGCTTGAAAAGGGGCTACACCTTC	CASSLKRGYTF	TRBV5-6	TRBJ1-2
TGTGCCAGCAGTGGTCCCCAGGGGGCGGACGAAGAAAAACTGTTTTTT	CASSGPQGADEEKLFF	TRBV6-1	TRBJ1-4
TGTGCCACCAGTGATAGCGCCCAAGACACCGGGGAGCTGTTTTTT	CATSDSAQDTGELFF	TRBV24-1	TRBJ2-2
TGTGCCAGCCGAGTGGGGTCGACCGGGACAGTAGTCCCTGAAAAACTGTTTTTT	CASRVGSTGTVVPEKLFF	TRBV6-1	TRBJ1-4
TGTGCCAGCAGCTTACCCCGGACAGAGTACACTGAAGCTTTCTTT	CASSLPRTEYTEAFF	TRBV11-2	TRBJ1-1
TGCAGTGCTCTCGATCCCACCCCGGGACAGGTGAAGACTAACTATGGCTACACCTTC	CSALDPTPGQVKTNYGYTF	TRBV20-1	TRBJ1-2
TGTGCCAGCAGTTTGGTCCAGGGAACCTACGAGCAGTACTTC	CASSLVQGTYEQYF	TRBV27	TRBJ2-7
TGCGCCAGCAAAGAGGGGGCCAGGTATGGCTACACCTTC	CASKEGARYGYTF	TRBV10-2	TRBJ1-2
TGTGCCAGCAGTTGTTTAGTCCCCCTAGCGGGCTTGTATAGTACCTACGAGCAGTACTTC	CASSCLVPLAGLYSTYEQYF	TRBV12-3	TRBJ2-7
TGTGCCAGCAGTTTTAGGAGGCTTCCTGAAGCTTTCTTT	CASSFRRLPEAFF	TRBV27	TRBJ1-1
TGCAGCGGTATCCAGCAAAGGTCTGGCTACACCTTC	CSGIQQRSGYTF	TRBV29-1	TRBJ1-2
TGCGCCAGCGGGGACAGCTACGAGCAGTACTTC	CASGDSYEQYF	TRBV5-1	TRBJ2-7
TGCGCCAGCTATGGACAGCCCCAGCATTTT	CASYGQPQHF	TRBV10-1	TRBJ1-5
TGCGCCAGCAGCTTGAGGCCGGCAAACCGGGGGGAGAGACGTGAGCAGTTCTTC	CASSLRPANRGERREQFF	TRBV5-1	TRBJ2-1
TGCAGTGCTAGAGAGTCGGGACGGGATCAGCCCCAGCATTTT	CSARESGRDQPQHF	TRBV20-1	TRBJ1-5
TGTGCCAGCAGCCGCCCGACTAGCGGATTCAAGCTTCACAATGAGCAGTTCTTC	CASSRPTSGFKLHNEQFF	TRBV7-3	TRBJ2-1
TGTGCCAGCAGCGTAGCCCCCGGGGGGGCTAATGAAAAACTGTTTTTT	CASSVAPGGANEKLFF	TRBV9	TRBJ1-4
TGTGCCAGCAGTCCAAGACGTTACCGGGGGACTGAAAAACTGTTTTTT	CASSPRRYRGTEKLFF	TRBV27	TRBJ1-4
TGCAGTGCTAGAGGAGGGCCTATTCTTTGCACAGATACGCAGTATTTT	CSARGGPILCTDTQYF	TRBV20-1	TRBJ2-3
TGCGCCAGCAGGACCGGACAGGGGGACGAGCAGTACTTC	CASRTGQGDEQYF	TRBV5-1	TRBJ2-7
TGTGCCAGCAGAAAGCCAACCGTGGGGCCAGCCAAAAACATTCAGTACTTC	CASRKPTVGPAKNIQYF	TRBV6-1	TRBJ2-4
TGTGCCAGCAGCCAAGCAGTTGGTTATGAGCAGTTCTTC	CASSQAVGYEQFF	TRBV3-1	TRBJ2-1
TGTGCCAGCAGCACCAAATGGGACAGGGGACTGAGCAATCAGCCCCAGCATTTT	CASSTKWDRGLSNQPQHF	TRBV9	TRBJ1-5
TGTGCCAGCAGCCTCGAGAGCGGTGCCCAAGAGACCCAGTACTTC	CASSLESGAQETQYF	TRBV13	TRBJ2-5
TGTGCCAGCAAGTGGGAAGGCCCCTACGAGCAGTACTTC	CASKWEGPYEQYF	TRBV7-3	TRBJ2-7
TGTGCCAGCAGTGTTTCAGCGGGAGTCCCATATCAGCCCCAGCATTTT	CASSVSAGVPYQPQHF	TRBV28	TRBJ1-5
TGCGCCAGCTGGGAGCTAGCGGCACACACCGGGGAGCTGTTTTTT	CASWELAAHTGELFF	TRBV5-1	TRBJ2-2
TGTGCCAGCAGCAGGACAGGACCTCGCTACGAGCAGTACTTC	CASSRTGPRYEQYF	TRBV13	TRBJ2-7
TGTGCCAGCAGCTTTTCCAGGGGCGCCCACCGGCGTGGCTACACCTTC	CASSFSRGAHRRGYTF	TRBV11-3	TRBJ1-2
TGTGCCAGCAGTGAGCCGGGACAGGAGAGCAATCAGCCCCAGCATTTT	CASSEPGQESNQPQHF	TRBV6-4	TRBJ1-5
TGCGCCAGCAGCCAGGGTTCGCTAGCCATGGCTAGCACAGATACGCAGTATTTT	CASSQGSLAMASTDTQYF	TRBV4-1	TRBJ2-3
TGTGCCAGCAGCGTCAGACAGTTTTCTAGGGAGACCCAGTACTTC	CASSVRQFSRETQYF	TRBV11-3	TRBJ2-5
TGTGCCATCAGTAAACCTGGGTTCCGGGACAGGGGGGCGAAAGAGACCCAGTACTTC	CAISKPGFRDRGAKETQYF	TRBV10-3	TRBJ2-5
TGTGCCAGCAGGGGTCCAGGGGAAGCCGAAGCTTTCTTT	CASRGPGEAEAFF	TRBV7-6	TRBJ1-1
TGTGCCAGCAGCTCGGTCCCCCCGGGGGGCTGGGGCACAGATACGCAGTATTTT	CASSSVPPGGWGTDTQYF	TRBV7-9	TRBJ2-3
TGTGCCAGCAGTGGGAACACTGAAGCTTTCTTT	CASSGNTEAFF	TRBV27	TRBJ1-1
TGCAGTGCTGCCACTGGACAGACGGTTCAGGGGAGTGGCTACACCTTC	CSAATGQTVQGSGYTF	TRBV20-1	TRBJ1-2
TGTGCCAGCAGCCCTAACGGCAAAGAGACCCAGTACTTC	CASSPNGKETQYF	TRBV7-3	TRBJ2-5
TGTGCCAGCAGCTGGGCCGGGACAGGGGCCATGAACACTGAAGCTTTCTTT	CASSWAGTGAMNTEAFF	TRBV11-2	TRBJ1-1
TGTGCCAGCAGCGTGTCATACAATGAGCAGTTCTTC	CASSVSYNEQFF	TRBV7-3	TRBJ2-1
TGTGCCACCAGTGATTTGCACGACAGGGGGGCCTCCAACACTGAAGCTTTCTTT	CATSDLHDRGASNTEAFF	TRBV24-1	TRBJ1-1
TGCGCCAGCAGCTTGGCTAGAGGACAGGGGCTCATTCAGTACTTC	CASSLARGQGLIQYF	TRBV5-1	TRBJ2-4
TGCGCCAGCAGCCAAGCGCAGCCATGTTCCTACGAGCAGTACTTC	CASSQAQPCSYEQYF	TRBV4-1	TRBJ2-7
TGTGCCAGCAAAATAGGGAGGGGAAGGGAGAAGCCCTACAATGAGCAGTTCTTC	CASKIGRGREKPYNEQFF	TRBV7-6	TRBJ2-1
TGTGCCAGCAGCCCGGCCGGACAGGACCGAAACGAGCAGTACTTC	CASSPAGQDRNEQYF	TRBV14	TRBJ2-7
TGTGCCAGCTCACCACTGCCCGGACTAGCGGGCCGGGCCGGGGAGCTGTTTTTT	CASSPLPGLAGRAGELFF	TRBV18	TRBJ2-2
TGTGCCAGCAGCGTGTCAGGGGACCAGCCCCAGCATTTT	CASSVSGDQPQHF	TRBV9	TRBJ1-5
TGCGCCAGCAGCCTTGACGGTAAGGGGGACGAGCAGTACTTC	CASSLDGKGDEQYF	TRBV5-1	TRBJ2-7
TGTGCCAGCAGCTTAAAAGTCCAGGGGCTGGAAGCTTTCTTT	CASSLKVQGLEAFF	TRBV11-2	TRBJ1-1
TGTGCCAGCATACTAGGGAGCTCCTACAATGAGCAGTTCTTC	CASILGSSYNEQFF	TRBV7-3	TRBJ2-1
TGTGCCAGCAGCCAAGATCCCGAGGGATGGGGGGGGAAGTCCTACGAGCAGTACTTC	CASSQDPEGWGGKSYEQYF	TRBV3-1	TRBJ2-7
TGTGCCAGTCTAGAGACGAACACCGGGGAGCTGTTTTTT	CASLETNTGELFF	TRBV28	TRBJ2-2
TGTGCCAGCAGCGTAGTAAAGGACCACGGAATGAACACTGAAGCTTTCTTT	CASSVVKDHGMNTEAFF	TRBV9	TRBJ1-1
TGTGCCAGCAGCCCCCCGGGACCTGATGAGACCCAGTACTTC	CASSPPGPDETQYF	TRBV13	TRBJ2-5
TGCGCCAGCAGCTTGGACGTCGAAACTAACTATGGCTACACCTTC	CASSLDVETNYGYTF	TRBV5-1	TRBJ1-2
TGTGCCAGCAGCGTAGCAGGGCTCTATGGCTACACCTTC	CASSVAGLYGYTF	TRBV9	TRBJ1-2
TGTGCTAGCAGCACAAGGGACAGTCCTCACAATGAGCAGTTCTTC	CASSTRDSPHNEQFF	TRBV7-7	TRBJ2-1
TGTGCCAGCTCACCACAATACCGCAGAACGGCTGACACTGAAGCTTTCTTT	CASSPQYRRTADTEAFF	TRBV18	TRBJ1-1
TGCAGTGCTAGGCGGGTTAACTTGGGTCAAAGCAATCAGCCCCAGCATTTT	CSARRVNLGQSNQPQHF	TRBV20-1	TRBJ1-5
TGTGCCAGCAGTTTACCCCCCCCGGATGGGGCCAACGTCCTGACTTTC	CASSLPPPDGANVLTF	TRBV28	TRBJ2-6
TGTGCCAGCAGCGTAGATATACCGGGACAGGGGGCCCACGAGCAGTACTTC	CASSVDIPGQGAHEQYF	TRBV9	TRBJ2-7
TGCGCCAGCAGCTTGGACAGTTCTTCACCCCTCCACTTT	CASSLDSSSPLHF	TRBV5-1	TRBJ1-6
TGTGCCAGCAGTCCGGACAGGGGGCCCGACACTGAAGCTTTCTTT	CASSPDRGPDTEAFF	TRBV27	TRBJ1-1
TGTGCCAGAAATTTCCCGGGACAGGAGGTTGGCCAAGAGACCCAGTACTTC	CARNFPGQEVGQETQYF	TRBV6-8	TRBJ2-5
TGCGCCAGCAGCATCGTACAGGATGCGAGGTACGAGCAGTACTTC	CASSIVQDARYEQYF	TRBV4-3	TRBJ2-7
TGTGCCAGCGAGAGCCGACTAGACGCAAGAAGCACGGAGCTGTTTTTT	CASESRLDARSTELFF	TRBV9	TRBJ2-2
TGTGCCAGCAGTTTGTTGAGACAGGGGGAGACCTCCTACGAGCAGTACTTC	CASSLLRQGETSYEQYF	TRBV27	TRBJ2-7
TGTGCCAGCAGTTACTCCCCTGGAGGGCGAGATTCACCCCTCCACTTT	CASSYSPGGRDSPLHF	TRBV6-2	TRBJ1-6
TGTGCCAGCAGCTATCTCCGGGACAGGGGGGGAAACACTGAAGCTTTCTTT	CASSYLRDRGGNTEAFF	TRBV9	TRBJ1-1
TGTGCCAGCAGCCACCAATCGATTTTCAGCTACGAGCAGTACTTC	CASSHQSIFSYEQYF	TRBV4-2	TRBJ2-7
TGTGCCAGCAGTTACGAGGACGGGACAAGTACTAGCGCTTTCTTT	CASSYEDGTSTSAFF	TRBV6-5	TRBJ1-1
TGTGCTAGTGGTTTGGGACTTCATGAGCAGTTCTTC	CASGLGLHEQFF	TRBV12-5	TRBJ2-1
TGTGCCACCAGCCAAAAAGAAGTAGAAAAAAGGGAAGCTTTCTTT	CATSQKEVEKREAFF	TRBV15	TRBJ1-1
TGTGCCAGCAGCCGTGGGAACTACGAGCAGTACTTC	CASSRGNYEQYF	TRBV7-7	TRBJ2-7
TGTGCCAGCAGCGGCACCGAGGGGGACAGGGGCTCGGGCTACGAGCAGTACTTC	CASSGTEGDRGSGYEQYF	TRBV11-2	TRBJ2-7
TGTGCCAGCAGTAAACAGAGGGGAACATACTATGGCTACACCTTC	CASSKQRGTYYGYTF	TRBV28	TRBJ1-2
TGTGCCAGCAGCAGCCGCGGGAGGCGGTACTTC	CASSSRGRRYF	TRBV5-8	TRBJ2-5
TGCGCCATGCGGGACAGGGGAACGTACCATTGCAATCAGCCCCAGCATTTT	CAMRDRGTYHCNQPQHF	TRBV10-1	TRBJ1-5
TGTGCCGACCCTAGCGGTAAGGGCGAGCAGTACTTC	CADPSGKGEQYF	TRBV28	TRBJ2-7
TGTGCCACCAAAGGGCCGGGGGGCTACGAGCAGTACTTC	CATKGPGGYEQYF	TRBV24-1	TRBJ2-7
TGTGCCAGCAGCTTGTCCCCGTCCCTAGCGGGCAGGGACTACGAGCAGTACTTC	CASSLSPSLAGRDYEQYF	TRBV5-6	TRBJ2-7
TGTGCCAGCAGCTTGTTTAGGGCGAGCCCCTACGAGCAGTACTTC	CASSLFRASPYEQYF	TRBV5-4	TRBJ2-7
TGTGCCACCGACCGATTGAGTTATAATTCACCCCTCCACTTT	CATDRLSYNSPLHF	TRBV7-3	TRBJ1-6
TGTGCCAGCAGCACTCCGGGACAGGGCGGGGGCACTGAAGCTTTCTTT	CASSTPGQGGGTEAFF	TRBV11-2	TRBJ1-1
TGTGCCAGCAGTTCCCATAACAAAGGGACTTACTATGGCTACACCTTC	CASSSHNKGTYYGYTF	TRBV28	TRBJ1-2
TGTGCCAGCAGCTGGGGGGAGGGTGGCACAGATACGCAGTATTTT	CASSWGEGGTDTQYF	TRBV5-6	TRBJ2-3
TGTGCCAGCAGCAATGAGGCCAGGGGGTCCTATGGCTACACCTTC	CASSNEARGSYGYTF	TRBV9	TRBJ1-2
TGTGCCAGCAGTCGCCCTGGACAGGGAAGGGGCTACACCTTC	CASSRPGQGRGYTF	TRBV6-3	TRBJ1-2
TGTGCCAGCGCCGGGACAGGGGGTGAAGCTTTCTTT	CASAGTGGEAFF	TRBV25-1	TRBJ1-1
TGTGCCAGCAGTTACTCGGGGGGACTAGAGACGCAGTACTTC	CASSYSGGLETQYF	TRBV6-2	TRBJ2-7
TGTGCCAGCAGCAAAGGGAGGGCCCTTACTTACACCTTC	CASSKGRALTYTF	TRBV13	TRBJ1-2
TGTGCCAGCAGTGATAGGTCGGCACACACTGAAGCTTTCTTT	CASSDRSAHTEAFF	TRBV6-1	TRBJ1-1
TGTGCCAGCAGCGTAAGGTCAGGCGGGACTAGCCCGAACACCGGGGAGCTGTTTTTT	CASSVRSGGTSPNTGELFF	TRBV13	TRBJ2-2
TGTGCCAGCAGGGGACAGGGGTTATATTACAATGAGCAGTTCTTC	CASRGQGLYYNEQFF	TRBV27	TRBJ2-1
TGCGCCAGCAGAACTAGCGGGTGGGGCTACGAGCAGTACTTC	CASRTSGWGYEQYF	TRBV10-1	TRBJ2-7
TGTGCCAGCAGTTTAACCGGCAGGGACCCTACCAACACCGGGGAGCTGTTTTTT	CASSLTGRDPTNTGELFF	TRBV27	TRBJ2-2
TGTGCCAGCAGCCGGTTTACGGCTAATGAAAAACTGTTTTTT	CASSRFTANEKLFF	TRBV28	TRBJ1-4
TGTGCCACCAGTCCCGGACAGACTGGAGACTATGGCTACACCTTC	CATSPGQTGDYGYTF	TRBV24-1	TRBJ1-2
TGTGCCAGAGAGCAAAGCAGGGCCTCTGGGGCCAACGTCCTGACTTTC	CAREQSRASGANVLTF	TRBV6-5	TRBJ2-6
TGTGCCAGCAGCAAGGGGGGGTCTTACAATGAGCAGTTCTTC	CASSKGGSYNEQFF	TRBV9	TRBJ2-1
TGTGCCAGCACGTGGGTTGCCGGGCCGAAAAACACTGAAGCTTTCTTT	CASTWVAGPKNTEAFF	TRBV7-2	TRBJ1-1
TGTGCCAGCAGCCCCCCCCCCCAGCTTAGTGGACAGGGAAAGTACGAGCAGTACTTC	CASSPPPQLSGQGKYEQYF	TRBV14	TRBJ2-7
TGTGCCAGCAGCTTAGGGGGAGGACAGGATTCACCCCTCCACTTT	CASSLGGGQDSPLHF	TRBV11-3	TRBJ1-6
TGTGCCAGCAGTGAAGGAAAACCCGACAGCTATGGCTACACCTTC	CASSEGKPDSYGYTF	TRBV6-1	TRBJ1-2
TGCAGTAGCTCCCCGACCGGTCCGGGACAGGGAAAGAACACTGAAGCTTTCTTT	CSSSPTGPGQGKNTEAFF	TRBV20-1	TRBJ1-1
TGTGCCACCAGTGCCCATAGCGGAATTAGCGGCTACGAGCAGTACTTC	CATSAHSGISGYEQYF	TRBV24-1	TRBJ2-7
TGTGCCCCCCCGGACCCCTTGTATAGCAATCAGCCCCAGCATTTT	CAPPDPLYSNQPQHF	TRBV9	TRBJ1-5
TGTGCCAGCAGTTACCGCATTATCCAAGAGACCCAGTACTTC	CASSYRIIQETQYF	TRBV6-8	TRBJ2-5
TGTGCCAGCAGCGAGACCTGGAGCAGTGGTGTCTCCTACAATGAGCAGTTCTTC	CASSETWSSGVSYNEQFF	TRBV7-9	TRBJ2-1
TGCGCCAGCAGTGAGGGGGACAGCTTCGCCTACGAGCAGTACTTC	CASSEGDSFAYEQYF	TRBV10-1	TRBJ2-7
TGTGCCAGCAGCCACCTATCCGGGACATTAACGGGGGTCTCCTACGAGCAGTACTTC	CASSHLSGTLTGVSYEQYF	TRBV7-7	TRBJ2-7
TGCGCCAGCAGCCAAGACTGCAGGAACACTGAAGCTTTCTTT	CASSQDCRNTEAFF	TRBV4-3	TRBJ1-1
TGTGCCAGCAGTAGGGGGGAAGATGAGCAGTTCTTC	CASSRGEDEQFF	TRBV28	TRBJ2-1
TGTGCCAGCATTCTGGCTAGCACAGATACGCAGTATTTT	CASILASTDTQYF	TRBV19	TRBJ2-3
TGTGCCAGCAGCATAGGTGGACAGGGGGGAGGGCCCCAGCATTTT	CASSIGGQGGGPQHF	TRBV7-2	TRBJ1-5
TGTGCCAGCAGCTTCCGCCGACAGGGGCCCGGCACTGAAGCTTTCTTT	CASSFRRQGPGTEAFF	TRBV9	TRBJ1-1
TGTGCCAGCAGGTGGGAGGACAACTACGAGCAGTACTTC	CASRWEDNYEQYF	TRBV6-1	TRBJ2-7
TGTGCCAGCTCACACTTAAAGCAGTACTTC	CASSHLKQYF	TRBV18	TRBJ2-5
TGCAGCGTTGGTCCAGTACAGGGGGAAGATACGCAGTATTTT	CSVGPVQGEDTQYF	TRBV29-1	TRBJ2-3
TGTGCCAGTAGTAGTCAGGGCTGGGGAGAGAACACTGAAGCTTTCTTT	CASSSQGWGENTEAFF	TRBV19	TRBJ1-1
TGTGCTAGTGGTAGGGCCGACGAGCAGTACTTC	CASGRADEQYF	TRBV12-5	TRBJ2-7
TGTGCCAGCAGCCACTACTCAGCCTACGAGCAGTACTTC	CASSHYSAYEQYF	TRBV13	TRBJ2-7
TGTGCCAGCAGCTGCAGGGTGATGGGCTATGGCTACACCTTC	CASSCRVMGYGYTF	TRBV5-4	TRBJ1-2
TGTGCCAGCAGCGGACAAGGGGCGACGGGGACCCAGTACTTC	CASSGQGATGTQYF	TRBV13	TRBJ2-5
TGTGCCAGCAGCTTGGCCGATCGTAGGGGAAAGCAGTTCTTC	CASSLADRRGKQFF	TRBV5-4	TRBJ2-1
TGTGCCAGCAGCCCTTTAAGACTAGCGGGACGCTCCTACAATGAGCAGTTCTTC	CASSPLRLAGRSYNEQFF	TRBV7-2	TRBJ2-1
TGTGCCAGCAGCCCACAGTTGCACAGGGAGAGAAATTCACCCCTCCACTTT	CASSPQLHRERNSPLHF	TRBV13	TRBJ1-6
TGTGCCAGCAGTTACTCGAGGGAGGGGGGGGGAGGCTATTCTTGTAATGAAAAACTGTTTTTT	CASSYSREGGGGYSCNEKLFF	TRBV6-5	TRBJ1-4
TGTGCCAGCAGCTGGTCCAAGGGACGTAAGGTCGCTTTCTTT	CASSWSKGRKVAFF	TRBV11-2	TRBJ1-1
TGTGCCAGCAGAGAAAAGGACAGGTCCTCCTACGAGCAGTACTTC	CASREKDRSSYEQYF	TRBV6-5	TRBJ2-7
TGTGCCAGCAAGACAGGCAAAAACATTCAGTACTTC	CASKTGKNIQYF	TRBV14	TRBJ2-4
TGTGCCACCAGTGATCCGGGGAGCTATGGCTACACCTTC	CATSDPGSYGYTF	TRBV24-1	TRBJ1-2
TGCAGTGCTAGAGCAAATCGACAGGGCTTCTACGAGCAGTACTTC	CSARANRQGFYEQYF	TRBV20-1	TRBJ2-7
TGTGCCACCGTGGACAGGTTGGCCGCGCTTCAAGAGACCCAGTACTTC	CATVDRLAALQETQYF	TRBV24-1	TRBJ2-5
TGTGCCAGCAGCCAAGGGACTAGCGGGGGGGCCTTATCCGCCTACGAGCAGTACTTC	CASSQGTSGGALSAYEQYF	TRBV3-1	TRBJ2-7
TGCAGTTGGTTAGCGGGAGATCACTCCTACGAGCAGTACTTC	CSWLAGDHSYEQYF	TRBV20-1	TRBJ2-7
TGTGCCAGCAGCCAAGATAGGGACAGATCGTCCTACGAGCAGTACTTC	CASSQDRDRSSYEQYF	TRBV4-2	TRBJ2-7
TGCAGTGCTTGTCCGACCAGCGATTCCCGGGAATCCCACTATGGCTACACCTTC	CSACPTSDSRESHYGYTF	TRBV20-1	TRBJ1-2
TGCGCCAGAACCGGGACAGGGGATTGGTTTAACTATGGCTACACCTTC	CARTGTGDWFNYGYTF	TRBV5-1	TRBJ1-2
TGCAGTGCGGGGAGGGAGACCCAGTACTTC	CSAGRETQYF	TRBV20-1	TRBJ2-5
TGTGCCAGCAGTCGACATTCAAAAGGCTACACCTTC	CASSRHSKGYTF	TRBV7-9	TRBJ1-2
TGTGCCACCAGATTGGGGGACTTCGCGTTGGAATCCTATAATTCACCCCTCCACTTT	CATRLGDFALESYNSPLHF	TRBV24-1	TRBJ1-6
TGCAGCCGGGCGCCTGGCTACACCTTC	CSRAPGYTF	TRBV20-1	TRBJ1-2
TGCGCCAGCAGCACTCTAGGGCAAGAGACCCAGTACTTC	CASSTLGQETQYF	TRBV5-1	TRBJ2-5
TGCAGCGTTGTAAGCCCTAGCGGGGCGGCCTACGAGCAGTACTTC	CSVVSPSGAAYEQYF	TRBV29-1	TRBJ2-7
TGTGCCTGTTTCGCGCGGACAGGGGGCTATGGCTACACCTTC	CACFARTGGYGYTF	TRBV30	TRBJ1-2
TGTGCCTGGAGTGTACAGGGACTAGGGTGTAACATTCAGTACTTC	CAWSVQGLGCNIQYF	TRBV30	TRBJ2-4
TGTGCCAGCAGTGATTACTCACAGGGGGAGGACTACGAGCAGTACTTC	CASSDYSQGEDYEQYF	TRBV2	TRBJ2-7
TGTGCCAGCATTTGGCCAGCGGGGAACACCGGGGAGCTGTTTTTT	CASIWPAGNTGELFF	TRBV6-3	TRBJ2-2
TGTGCCAGCAGCTTCCGGGCCCCCTACGAGCAGTACTTC	CASSFRAPYEQYF	TRBV7-9	TRBJ2-7
TGTGCCAGCCCATACACTAGCAATGAGCAGTTCTTC	CASPYTSNEQFF	TRBV27	TRBJ2-1
TGTGCCAGCAGCTTACCAACGTCACCCCTCCACTTT	CASSLPTSPLHF	TRBV11-3	TRBJ1-6
TGTGCCAGCTCACCACGGACCCTAGGATTCCCCCGTGATGAGCAGTTCTTC	CASSPRTLGFPRDEQFF	TRBV18	TRBJ2-1
TGTGCCAGCAGCTTAGGGTGGCCTCAATCCCAAGAGACCCAGTACTTC	CASSLGWPQSQETQYF	TRBV7-2	TRBJ2-5
TGCAGTGCCAAGTGGACTAGCGGGGATACGCAGTATTTT	CSAKWTSGDTQYF	TRBV20-1	TRBJ2-3
TGTGCCAGCAGCTTAGCGTGGGCAAGGGCCACGCTGATCTACGAGCAGTACTTC	CASSLAWARATLIYEQYF	TRBV7-9	TRBJ2-7
TGCGCCAGCATGGGGGGTGGAAACACCATATATTTT	CASMGGGNTIYF	TRBV10-1	TRBJ1-3
TGTGCCAGCAGCGTCTCAGGGGTGCCGGGACAGGCGGCCAATCAGCCCCAGCATTTT	CASSVSGVPGQAANQPQHF	TRBV11-3	TRBJ1-5
TGTGCCAGCAGCTTACCCCGAGCTGAGACCCAGTACTTC	CASSLPRAETQYF	TRBV7-6	TRBJ2-5
TGTGCCAGCACTGTGCAGGGGTGTCCCCATAGCAATCAGCCCCAGCATTTT	CASTVQGCPHSNQPQHF	TRBV27	TRBJ1-5
TGTGCCAGCGCTCCGGGGGGAGGGTTCAAGAGGGGCACAGATACGCAGTATTTT	CASAPGGGFKRGTDTQYF	TRBV7-3	TRBJ2-3
TGTGCCAGCAGCACCAGCGAACTGTTTTTT	CASSTSELFF	TRBV6-4	TRBJ1-4
TGCAGTGCTAGAGTATGGTCTATCTGGAGATCCTACGAGCAGTACTTC	CSARVWSIWRSYEQYF	TRBV20-1	TRBJ2-7
TGCAGTGCTAGAGGGGCTCAAACCAATGAAAAACTGTTTTTT	CSARGAQTNEKLFF	TRBV20-1	TRBJ1-4
TGTGCCAGCAGCGTACCTGGGGGAGTAGGTCGGATAGCCTACGAGCAGTACTTC	CASSVPGGVGRIAYEQYF	TRBV9	TRBJ2-7
TGTGCCAGCAGTTCGCAGCCGCACAATCAGCCCCAGCATTTT	CASSSQPHNQPQHF	TRBV28	TRBJ1-5
TGTGCCAGCAGTTCTCCTCAGGGGGCGCGAGATCGGTCTAACTATGGCTACACCTTC	CASSSPQGARDRSNYGYTF	TRBV27	TRBJ1-2
TGCGCCAGCAGCGCGGCTAGCGGCTCCTACGAGCAGTACTTC	CASSAASGSYEQYF	TRBV5-1	TRBJ2-7
TGTGCCAGCAGCAGGGGGGCCGCTGGGGATCAGCCCCAGCATTTT	CASSRGAAGDQPQHF	TRBV7-9	TRBJ1-5
TGCGCCAGCAGCTTGCCCCTCCGGGGTCCCTATAATTCACCCCTCCACTTT	CASSLPLRGPYNSPLHF	TRBV5-1	TRBJ1-6
TGTGCCAGCAGTAGCCACGTACACCGGCGACTAGCGGGTCATTACAATGAGCAGTTCTTC	CASSSHVHRRLAGHYNEQFF	TRBV2	TRBJ2-1
TGTGCCAGCAGTTACGGTGGGGGACAGAATCAGCCCCAGCATTTT	CASSYGGGQNQPQHF	TRBV6-5	TRBJ1-5
TGTGCCAGCAGTTTAGAGAGGGAAGAGACCCAGTACTTC	CASSLEREETQYF	TRBV27	TRBJ2-5
TGTGCCAGCAGCTTAAGGGACAGATTTGAAAAACTGTTTTTT	CASSLRDRFEKLFF	TRBV7-3	TRBJ1-4
TGCCCCCCGAGGGATTACAATGAGCAGTTCTTC	CPPRDYNEQFF	TRBV19	TRBJ2-1
TGTGCCAGCAGTGACTCGAGGGAGCTCTATGGCTACACCTTC	CASSDSRELYGYTF	TRBV6-4	TRBJ1-2
TGTGCCAGCAGCTTGCATCCTCTACAGAAATCCTACGAGCAGTACTTC	CASSLHPLQKSYEQYF	TRBV5-6	TRBJ2-7
TGTGCCAGCAGCCCCCGGGACAGGGAGGCGAACACCGGGGAGCTGTTTTTT	CASSPRDREANTGELFF	TRBV5-5	TRBJ2-2
TGTGCTAGTGGTTTCAAGGGACAGGGCGTCGAAGCCTACAATGAGCAGTTCTTC	CASGFKGQGVEAYNEQFF	TRBV12-5	TRBJ2-1
TGCGCCAGCAGCCAAGAACAAACCTCATCCAGGGGGCGAAACTACGAGCAGTACTTC	CASSQEQTSSRGRNYEQYF	TRBV4-1	TRBJ2-7
TGTGCCAGCTCACCACCCCTGTCCTCCTACGAGCAGTACTTC	CASSPPLSSYEQYF	TRBV18	TRBJ2-7
TGTGCCAGCAGCTTACGAGGTTGTGAAGAGACCCAGTACTTC	CASSLRGCEETQYF	TRBV11-2	TRBJ2-5
TGCGCCAGCAGCCAAGAAATAGGGCAGAGCAATCAGCCCCAGCATTTT	CASSQEIGQSNQPQHF	TRBV4-3	TRBJ1-5
TGTGCCAGCAGGGCAGGACAGGGGCGGGGCTACAATGAGCAGTTCTTC	CASRAGQGRGYNEQFF	TRBV28	TRBJ2-1
TGTGCCAGCAGCTTACTGGATGGCGGTAGCCATAGCAATCAGCCCCAGCATTTT	CASSLLDGGSHSNQPQHF	TRBV7-9	TRBJ1-5
TGTGCCAGCAGTGAACGGGACGACGGTTTGAGCGCGAACACTGAAGCTTTCTTT	CASSERDDGLSANTEAFF	TRBV2	TRBJ1-1
TGTGCCAGCCAGGGGGGCAACTACGAGCAGTACTTC	CASQGGNYEQYF	TRBV27	TRBJ2-7
TGCAGCCACGGAGGGGGAGATACGCAGTATTTT	CSHGGGDTQYF	TRBV29-1	TRBJ2-3
TGTGCCAGCAGGCAGAACGGACAGATCACTGAAGCTTTCTTT	CASRQNGQITEAFF	TRBV2	TRBJ1-1
TGTGCCAGCAGTGAAACTAGCGGGGGGGCCGGTGAGCAGTTCTTC	CASSETSGGAGEQFF	TRBV6-1	TRBJ2-1
TGTGCCACCGATACTAGCGGGAAGCTCTCCTACAATGAGCAGTTCTTC	CATDTSGKLSYNEQFF	TRBV9	TRBJ2-1
TGTGCCAGCAGCGACTGGTCAGGAGCCTCTGGGGCCAACGTCCTGACTTTC	CASSDWSGASGANVLTF	TRBV7-2	TRBJ2-6
TGTGCCAGCAGCTTATGCTGTAGCCGGGGGGTAAGCTCCTACAATGAGCAGTTCTTC	CASSLCCSRGVSSYNEQFF	TRBV11-3	TRBJ2-1
TGTGCCAGCAGCGTCTCCAGGGGGTTAGATACGCAGTATTTT	CASSVSRGLDTQYF	TRBV7-3	TRBJ2-3
TGTGCCATGAAGAAGGACAGGGAGGCGTCCTACTACGAGCAGTACTTC	CAMKKDREASYYEQYF	TRBV7-9	TRBJ2-7
TGTGCCAGCAGTTACTCGGAAGCGCAGGAGAAAAAACACTACGAGCAGTACTTC	CASSYSEAQEKKHYEQYF	TRBV6-6	TRBJ2-7
TGTGCCACGATGGGGACCTCTGACGAGACCCAGTACTTC	CATMGTSDETQYF	TRBV6-4	TRBJ2-5
TGTGCCAGCAGCTCCGCTCCCGCTGACAGTAATCAGCCCCAGCATTTT	CASSSAPADSNQPQHF	TRBV7-3	TRBJ1-5
TGCGCCAGCAGCCCACTGGGGCAGCACGAGCAGTACTTC	CASSPLGQHEQYF	TRBV4-3	TRBJ2-7
TGTGCCAGCAGCTTGGATAACAGGGCTGGTAGCACAGATACGCAGTATTTT	CASSLDNRAGSTDTQYF	TRBV5-6	TRBJ2-3
TGTGCCAGCAGCTCGCGGCAACGGTACTTC	CASSSRQRYF	TRBV5-6	TRBJ2-4
TGTGCCAGCAGCGGGATCCTCAGGGGAGATACGCAGTATTTT	CASSGILRGDTQYF	TRBV5-6	TRBJ2-3
TGTGCTAGTGGTTTGGTACAGGCTGACAGGGGAGATCAGCCCCAGCATTTT	CASGLVQADRGDQPQHF	TRBV12-5	TRBJ1-5
TGCGCCAGCAGCTGGGTTAGGACAGGGTCAGATACGCAGTATTTT	CASSWVRTGSDTQYF	TRBV4-3	TRBJ2-3
TGTGCCAGCAGTTTACTCCTTAGACAGGCGGGGTACCCCTACGAGCAGTACTTC	CASSLLLRQAGYPYEQYF	TRBV12-4	TRBJ2-7
TGTGCTAGCAGCTTAGTCCAGGGCGAGAATTATGAAAAACTGTTTTTT	CASSLVQGENYEKLFF	TRBV7-7	TRBJ1-4
TGCAGTGCTAGAACCCGGAGGTTTGCTTTCTTT	CSARTRRFAFF	TRBV20-1	TRBJ1-1
TGTGCTAGTTCGGGACTAGCGGGAAGAGAGGGCTACGAGCAGTACTTC	CASSGLAGREGYEQYF	TRBV12-5	TRBJ2-7
TGTGCCAGCAGCTTTCGGGACAGGGGCCCTTATACTGAAGCTTTCTTT	CASSFRDRGPYTEAFF	TRBV11-2	TRBJ1-1
TGTGCCAGCAGTTTATTCCGTCTCGAAACGGGCGAGACCCAGTACTTC	CASSLFRLETGETQYF	TRBV27	TRBJ2-5
TGTGCCAGCAGCCTAGTAGCCCCCCCATTGGCCCCCATTCAGTACTTC	CASSLVAPPLAPIQYF	TRBV13	TRBJ2-4
TGTGCCAGCAGGGGGGCTGACGCCAAAAACATTCAGTACTTC	CASRGADAKNIQYF	TRBV6-5	TRBJ2-4
TGTGCCATTGCAGGGCACAGGACAGCTTTCTTT	CAIAGHRTAFF	TRBV28	TRBJ1-1
TGTGCCAGCAGTGTATGTGATGTCAGTGGTTACGAGCAGTACTTC	CASSVCDVSGYEQYF	TRBV13	TRBJ2-7
TGTGCCACCAGTGTTAGGGGAGCAAGTAATGAGCAGTACTTC	CATSVRGASNEQYF	TRBV24-1	TRBJ2-7
TGTGCCAGCAGCTTCACGGGGGGACAAGGGGAGGATACGCAGTATTTT	CASSFTGGQGEDTQYF	TRBV11-2	TRBJ2-3
TGTGCCAGCAGCCATACGAACCTAGCCATAAGACCCAATGAGCAGTTCTTC	CASSHTNLAIRPNEQFF	TRBV3-1	TRBJ2-1
TGTGCCAGCAGTGATCTCCATGGCAGTTATCAGCCCCAGCATTTT	CASSDLHGSYQPQHF	TRBV6-4	TRBJ1-5
TGCGCCAGCAGCCGCGGGAGGGGATTTTATGAAAAACTGTTTTTT	CASSRGRGFYEKLFF	TRBV5-1	TRBJ1-4
TGCAGCGTTGAGGGGACAATATCTGAAGCTTTCTTT	CSVEGTISEAFF	TRBV29-1	TRBJ1-1
TGCAGTGCTAGAGGTGACAGGGGCCAGTATTTT	CSARGDRGQYF	TRBV20-1	TRBJ2-3
TGTGCCAGCAAGGCCGGGGGACGCTACGAGCAGTACTTC	CASKAGGRYEQYF	TRBV25-1	TRBJ2-7
TGTGCCAGCACCAACAGGGAAGACTATGGCTACACCTTC	CASTNREDYGYTF	TRBV25-1	TRBJ1-2
TGTGCCAGCAGCTTGCTCCCCTGTCCGGGACAGGTGAACACTGAAGCTTTCTTT	CASSLLPCPGQVNTEAFF	TRBV5-4	TRBJ1-1
TGTGCCAGCTCACCTCCCTCAGGTACCGGGGAGCTGTTTTTT	CASSPPSGTGELFF	TRBV18	TRBJ2-2
TGTGCCAGCAGTGAGGGCCACGACACTGAAGCTTTCTTT	CASSEGHDTEAFF	TRBV2	TRBJ1-1
TGTGCCAGCAGTTCGGCTTATGCCGGAAGCTCCTACAATGAGCAGTTCTTC	CASSSAYAGSSYNEQFF	TRBV12-3	TRBJ2-1
TGTGCCAGCAGCCAAGGGGGCGCTGGAGACACTGAAGCTTTCTTT	CASSQGGAGDTEAFF	TRBV7-9	TRBJ1-1
TGCGCCAGCAGCTTGGACAACCACGCCAGATGGAGCCCAGAAAAACTGTTTTTT	CASSLDNHARWSPEKLFF	TRBV5-1	TRBJ1-4
TGTGCCAGCATCACTAGCAATTTGTTGAACACTGAAGCTTTCTTT	CASITSNLLNTEAFF	TRBV28	TRBJ1-1
TGTGCCAGCAGCGGGGGTGAAGCTCGGGAGCAGTACTTC	CASSGGEAREQYF	TRBV5-4	TRBJ2-7
TGTGCCAGCAGCCGAATTACTAGGAGCTACGAGCAGTACTTC	CASSRITRSYEQYF	TRBV7-3	TRBJ2-7
TGTGCCAGCAGCCAAGTTCAGGTGCCTAGCAATCAGCCCCAGCATTTT	CASSQVQVPSNQPQHF	TRBV14	TRBJ1-5
TGTGCCAGCAGTGGGGGCCCACTGTACAATGAGCAGTTCTTC	CASSGGPLYNEQFF	TRBV12-3	TRBJ2-1
TGCGCCAGCAGCTTGGATATGAGGATGCGACCTAGTCCTAACTATGGCTACACCTTC	CASSLDMRMRPSPNYGYTF	TRBV5-1	TRBJ1-2
TGTGCCATCAGCGGAGTTAACGGGACAGGGCGCCCCGCGCCGGCCTACGAGCAGTACTTC	CAISGVNGTGRPAPAYEQYF	TRBV10-3	TRBJ2-7
TGTGCCACCAGTGTCCTGAGGGGAATAAGGGGTGAGACCCAGTACTTC	CATSVLRGIRGETQYF	TRBV24-1	TRBJ2-5
TGTGCCAGCAGCCTTGGGACATTAACAGAGACCCAGTACTTC	CASSLGTLTETQYF	TRBV7-3	TRBJ2-5
TGTGCCAGCGGAGGGGGACAGCGGGGCTACACCTTC	CASGGGQRGYTF	TRBV28	TRBJ1-2
TGTGCCAGCAGTGAGCTAGCGGAGCTTTATGAGCAGTTCTTC	CASSELAELYEQFF	TRBV28	TRBJ2-1
TGTGCCAGCAGTAAGTGGAGAGGACAGGGTCAAGAGACCCAGTACTTC	CASSKWRGQGQETQYF	TRBV28	TRBJ2-5
TGTGCTAGTGGTTTGGTACTGCGGACAGTTGAGCAGTACTTC	CASGLVLRTVEQYF	TRBV12-5	TRBJ2-7
TGTGCCAGCAGCCTGGGGAGGACAGAGAATGGCTACACCTTC	CASSLGRTENGYTF	TRBV11-3	TRBJ1-2
TGTGCCAGTCTGAACCCCTTTCCGGGACTAGATTGGGAACGCACAGATACGCAGTATTTT	CASLNPFPGLDWERTDTQYF	TRBV19	TRBJ2-3
TGTGCCAGCAGTCCTGACAGGGGCGAGGATGGCTACACCTTC	CASSPDRGEDGYTF	TRBV28	TRBJ1-2
TGTGCCACCGCCTGCTCAGGGGATTCCCAAGAGACCCAGTACTTC	CATACSGDSQETQYF	TRBV24-1	TRBJ2-5
TGTGCCTGTCAGGGGGCTCTCTCCACAGATACGCAGTATTTT	CACQGALSTDTQYF	TRBV10-3	TRBJ2-3
TGTGCCAGCAGCTTTCACAGGACAGGGGGTCGCAGCTCTGGGGCCAACGTCCTGACTTTC	CASSFHRTGGRSSGANVLTF	TRBV5-4	TRBJ2-6
TGTGCCTGGGAGGGGGGAAACACTGAAGCTTTCTTT	CAWEGGNTEAFF	TRBV30	TRBJ1-1
TGTGCCAGCAGGGCAGGGGAGCAGTACTTC	CASRAGEQYF	TRBV6-4	TRBJ2-7
TGTGCCAGCAGCAGAGTCAATGAGCAGTTCTTC	CASSRVNEQFF	TRBV27	TRBJ2-1
TGCGCCAGCAGAAAGAACCGTGAAATCGCCGGGGGTACGAACACTGAAGCTTTCTTT	CASRKNREIAGGTNTEAFF	TRBV5-1	TRBJ1-1
TGTGCCAGCAGTCTTCTTCTCACTAGCACAGATACGCAGTATTTT	CASSLLLTSTDTQYF	TRBV27	TRBJ2-3
TGTCAAGGGGAGATGGATACGCAGTATTTT	CQGEMDTQYF	TRBV6-6	TRBJ2-3
TGTGCCAGCAGCTTGGGGTTACCCTTGAACACTGAAGCTTTCTTT	CASSLGLPLNTEAFF	TRBV5-8	TRBJ1-1
TGTGCCAGCAGTGACTCTCGGCCGCTGACCCCAGTTGAAAAACTGTTTTTT	CASSDSRPLTPVEKLFF	TRBV6-4	TRBJ1-4
TGCAGTGCTAGGGAGGGCGGGCAGTACTTC	CSAREGGQYF	TRBV20-1	TRBJ2-7
TGCGCCAAAGTAGCCATCGTAATCTCCTACGAGCAGTACTTC	CAKVAIVISYEQYF	TRBV4-1	TRBJ2-7
TGTGCCAGCAGCAGTCTCACCGGGGGGATCAGTACGCAGTATTTT	CASSSLTGGISTQYF	TRBV7-3	TRBJ2-3
TGCAGTGCTAGGGGGAGGGCAGGGGGGTACGAGCAGTACTTC	CSARGRAGGYEQYF	TRBV20-1	TRBJ2-7
TGTGCCAGCAGCTTAGCCCCGGGCAACACCGGGGAGCTGTTTTTT	CASSLAPGNTGELFF	TRBV11-2	TRBJ2-2
TGTGCCAGCAGCACCGGCGGGTTGTGGAACACCGGGGAGCTGTTTTTT	CASSTGGLWNTGELFF	TRBV7-6	TRBJ2-2
TGCGCCAGCAGCTTGGAACAGAAACGCTACGAGCAGTACTTC	CASSLEQKRYEQYF	TRBV5-1	TRBJ2-7
TGTGCCAGCAGTTTTAAGGGGCGGAACACTGAAGCTTTCTTT	CASSFKGRNTEAFF	TRBV27	TRBJ1-1
TGTGCCAGCAGCGTGGGTCCCCCGGGACTAGCGGGAGAAAGAAGAGAGACCCAGTACTTC	CASSVGPPGLAGERRETQYF	TRBV13	TRBJ2-5
TGTGCCAGCAGCTTACGACAGGTAATGAAACTGTTTTTT	CASSLRQVMKLFF	TRBV7-9	TRBJ1-4
TGCGCCAGCACACAACACCCGGACAGCCTTTCTTTCGGGAACACTGAAGCTTTCTTT	CASTQHPDSLSFGNTEAFF	TRBV10-1	TRBJ1-1
TGCAGTGCTACCCCAGTGAAGCCGTGGGAGACCCAGTACTTC	CSATPVKPWETQYF	TRBV20-1	TRBJ2-5
TGTGCCACCAGTGACCCCCCATTGATCGGGGTGGGTGAAGCTTTCTTT	CATSDPPLIGVGEAFF	TRBV24-1	TRBJ1-1
TGCGCCAGCAGCCATCCAACCCCCCTAACCACAGGGGTGGGAGGCTGCAATCAGCCCCAGCATTTT	CASSHPTPLTTGVGGCNQPQHF	TRBV4-1	TRBJ1-5
TGTGCCAGCAGCCATGAGACAGCGGGTCAGCCCCAGCATTTT	CASSHETAGQPQHF	TRBV7-9	TRBJ1-5
TGTGCCAGCACGCAGGGGGCCGGCACAGATACGCAGTATTTT	CASTQGAGTDTQYF	TRBV27	TRBJ2-3
TGTGCCAGCAGTCACCACAGGGTGCCCGGGGAGCTGTTTTTT	CASSHHRVPGELFF	TRBV27	TRBJ2-2
TGTGCCAGCTGTGGGGACAGGGGCTTTCAAACAGGAAACACCATATATTTT	CASCGDRGFQTGNTIYF	TRBV27	TRBJ1-3
TGTGCCAGCAGAGTCCCGCTTGTACAGGGCTTC	CASRVPLVQGF	TRBV6-1	TRBJ2-5
TGTGCTAGTGGTTTGGTATATAACAGGACAGGGTTTTCGAACACTGAAGCTTTCTTT	CASGLVYNRTGFSNTEAFF	TRBV12-5	TRBJ1-1
TGTGCCAGCACCCTTTCTGAGGGGGGACAGGGTGTTATAGATACGCAGTATTTT	CASTLSEGGQGVIDTQYF	TRBV7-4	TRBJ2-3
TGTGCCAGCAGCCAAGAGACAGGGACATACTATGGCTACACCTTC	CASSQETGTYYGYTF	TRBV14	TRBJ1-2
TGTGCCAGCAGCCAAGATCTAAACGGGCTTGGAATGAACACTGAAGCTTTCTTT	CASSQDLNGLGMNTEAFF	TRBV14	TRBJ1-1
TGTGCCAGCAGCACCACAGGGGCCCGACACTACGAGCAGTACTTC	CASSTTGARHYEQYF	TRBV13	TRBJ2-7
TGTGCCAGCAGTGAAGGGGGACTAGCGGGATCGAGCTCCTACAATGAGCAGTTCTTC	CASSEGGLAGSSSYNEQFF	TRBV6-1	TRBJ2-1
TGTGCCAGCAGCGGGGACAGACAGGGTGTTCTGACCTACGAGCAGTACTTC	CASSGDRQGVLTYEQYF	TRBV9	TRBJ2-7
TGCAGTGCTAGGAATCGAGACAGACTTAGCAATCAGCCCCAGCATTTT	CSARNRDRLSNQPQHF	TRBV20-1	TRBJ1-5
TGTGCCAGCAGCCCAAAGATGGGGGATTTCACCGAGCAGTACTTC	CASSPKMGDFTEQYF	TRBV3-1	TRBJ2-7
TGTGCCAGTAGGCGTGCGGCCTCCTACGAGCAGTACTTC	CASRRAASYEQYF	TRBV19	TRBJ2-7
TGTGCCAGAGTACTAGCGGGAGGGTCCTACGAGCAGTACTTC	CARVLAGGSYEQYF	TRBV19	TRBJ2-7
TGCGCCCCCGTAACATACAATGAGCAGTTCTTC	CAPVTYNEQFF	TRBV5-1	TRBJ2-1
TGCGCCAGCAGCACTAGGTACGAGCAGTACTTC	CASSTRYEQYF	TRBV5-1	TRBJ2-7
TGTGCCAGCAGTCTCCCTACGGTCCCAATGACTGAAGCTTTCTTT	CASSLPTVPMTEAFF	TRBV28	TRBJ1-1
TGTGCCAGCAGTGTACTTGGCAGCAATCAGCCCCAGCATTTT	CASSVLGSNQPQHF	TRBV27	TRBJ1-5
TGTGCCAGCAGCCAGCAGGGCGTCTATGGCTACACCTTC	CASSQQGVYGYTF	TRBV3-1	TRBJ1-2
TGTGCCATCCTCGGGGTTACTGGGGCCAACGTCCTGACTTTC	CAILGVTGANVLTF	TRBV7-9	TRBJ2-6
TGTGCCAGCAGTGACTCCGAGACTGAAGCTTTCTTT	CASSDSETEAFF	TRBV6-4	TRBJ1-1
TGTGCCACCAGTGCCCCTCGGCAGAATAGCAATCAGCCCCAGCATTTT	CATSAPRQNSNQPQHF	TRBV24-1	TRBJ1-5
TGTGCCAGCAGGGTGGACAGGGCGGACTACGAGCAGTACTTC	CASRVDRADYEQYF	TRBV7-2	TRBJ2-7
TGTGCCAGTAAATATCGGGACGTCTCTGATACGCAGTATTTT	CASKYRDVSDTQYF	TRBV19	TRBJ2-3
TGCGCCAGTAAGGACGACAACAATCAGCCCCAGCATTTT	CASKDDNNQPQHF	TRBV5-1	TRBJ1-5
TGTGCCAGCATTAGATATGAGACCCAGTACTTC	CASIRYETQYF	TRBV2	TRBJ2-5
TGCGCCAGCAGCCTTGACAGAGGCACTGAAGCTTTCTTT	CASSLDRGTEAFF	TRBV4-3	TRBJ1-1
TGTGCCAGCAGCAAAGTCACAGCCGAGCAGTACTTC	CASSKVTAEQYF	TRBV7-6	TRBJ2-7
TGTGCCAGCAGTCGGAACTCCCAAGCCAGCTCCTATAATTCACCCCTCCACTTT	CASSRNSQASSYNSPLHF	TRBV27	TRBJ1-6
TGTGCCAGCAGCAAGCAAGCGAGCGGGACTATACTTGGCTACACCTTC	CASSKQASGTILGYTF	TRBV3-1	TRBJ1-2
TGTGCCAGCAGCCCAGGGGGCTATGGCTACACCTTC	CASSPGGYGYTF	TRBV7-3	TRBJ1-2
TGTGCCAGCAGTTGTGGACAGCAACGTCAGAACACTGAAGCTTTCTTT	CASSCGQQRQNTEAFF	TRBV6-3	TRBJ1-1
TGTGCCAGCAGTTACCCCCCGAAACAAACAGGGGTGAAGGGAGATGGCTACACCTTC	CASSYPPKQTGVKGDGYTF	TRBV6-5	TRBJ1-2
TGCGCCAGCAGCCTATCCGCTGACGAGCAGTACTTC	CASSLSADEQYF	TRBV5-1	TRBJ2-7
TGTGCCACCAGCATAACCCCTCGGGGGCGGGGATCCCCTGAAGCTTTCTTT	CATSITPRGRGSPEAFF	TRBV15	TRBJ1-1
TGTGCCAGCAGTTACGACCGGGACAGGGAAGGCTACACCTTC	CASSYDRDREGYTF	TRBV6-5	TRBJ1-2
TGTGCCATTGTGGGGGTCCTATCCTACGAGCAGTACTTC	CAIVGVLSYEQYF	TRBV5-8	TRBJ2-7
TGTGCCAGCTCACCATCGGGCGGAGGGGGGGGCCGAGGCTACGAGCAGTACTTC	CASSPSGGGGGRGYEQYF	TRBV18	TRBJ2-7
TGTGCCAGCAGCCAAGATGACTCGGAGTACGAAAAACTGTTTTTT	CASSQDDSEYEKLFF	TRBV14	TRBJ1-4
TGTGCCAGCAGCTTAGCCACAGGGACAACCGGGGAGCTGTTTTTT	CASSLATGTTGELFF	TRBV7-4	TRBJ2-2
TGTGCCAGCAGCGCTACAGAAGTATGTGAAAAACTGTTTTTT	CASSATEVCEKLFF	TRBV11-3	TRBJ1-4
TGTGCCAGCAGCGAGGATCTACGGGCCGGGGAGCTGTTTTTT	CASSEDLRAGELFF	TRBV6-5	TRBJ2-2
TGTGCCAGTATCCAGGGGAAGGGCGAGCAGTACTTC	CASIQGKGEQYF	TRBV19	TRBJ2-7
TGCAGCGTTGACCCTACCTCCCGTGGAGGGAGCTCCTACAATGAGCAGTTCTTC	CSVDPTSRGGSSYNEQFF	TRBV29-1	TRBJ2-1
TGTGCCAGCAGCCTCCGGGACAGGGGGCGTGGACTCTACGAGCAGTACTTC	CASSLRDRGRGLYEQYF	TRBV9	TRBJ2-7
TGTGCCAGCAGCGTAGGTTCCCACCCACGGGACAGAAAGTATGGCTACACCTTC	CASSVGSHPRDRKYGYTF	TRBV9	TRBJ1-2
TGCGCCAGCAGTCACCAGGACACCGGGGAGCTGTTTTTT	CASSHQDTGELFF	TRBV10-2	TRBJ2-2
TGTGCCAGCAGTTTATCGAGTCGGGGACAGGGCCCCTATGGGGATAATTCACCCCTCCACTTT	CASSLSSRGQGPYGDNSPLHF	TRBV27	TRBJ1-6
TGTGCCAGCAGCCGGGGCGGCAATCAGCCCCAGCATTTT	CASSRGGNQPQHF	TRBV7-8	TRBJ1-5
TGTGCCAGCCACCTGGGACCCGGGGGACAAGCCAAAAACATTCAGTACTTC	CASHLGPGGQAKNIQYF	TRBV19	TRBJ2-4
TGCGCCAGCAGCCAAGACTCCAACGGGGGACAGGGGCCCCTCATGAACACTGAAGCTTTCTTT	CASSQDSNGGQGPLMNTEAFF	TRBV4-3	TRBJ1-1
TGTGCCAGCAGTTCCGGGACTAGCCTAAAAGACAATGAGCAGTTCTTC	CASSSGTSLKDNEQFF	TRBV27	TRBJ2-1
TGTGCCAGCAGCTTGTTACCCTCCGGACAGGGGGTCTTC	CASSLLPSGQGVF	TRBV5-4	TRBJ2-1
TGTGCGACGGTCGGAAAGAAATTACTAGCAGTCGGCGAGACCCAGTACTTC	CATVGKKLLAVGETQYF	TRBV5-4	TRBJ2-5
TGTGCCAGCAGATTTCCGGGAGGGAGGAGCTATGGCTACACCTTC	CASRFPGGRSYGYTF	TRBV12-4	TRBJ1-2
TGTGCCTGTCAGGGGCATGTGCAGCCCCAGCATTTT	CACQGHVQPQHF	TRBV30	TRBJ1-5
TGTGCCAGCAGCCAAGATCACCAATTCAGTTATGGGAGGGCTTTGTCACTCTTGGCCTACGAGCAGTACTTC	CASSQDHQFSYGRALSLLAYEQYF	TRBV3-1	TRBJ2-7
TGCGCCAGCAGCTTATGCCCCACAGGGCGAAAGCCCCAGCATTTT	CASSLCPTGRKPQHF	TRBV5-1	TRBJ1-5
TGCAGTGCTAGAACGGGACAGGGCTACGAGCAGTACTTC	CSARTGQGYEQYF	TRBV20-1	TRBJ2-7
TGCAGTGGGGACAGGGGACTTGACGAGCAGTACTTC	CSGDRGLDEQYF	TRBV20-1	TRBJ2-7
TGTGCCACCAGCAGGAGGACAGCGAAAAAAGCTACTATTCCACGGGAGAGACTCTTC	CATSRRTAKKATIPRERLF	TRBV15	TRBJ2-1
TGTGCCAGCAGTTTCAGCCTAGCGGAAAACGAGCAGTACTTC	CASSFSLAENEQYF	TRBV28	TRBJ2-7
TGTGCCAGCAGCGAGAGCCGGACAGGGGGTGGGGGCTATGGCTACACCTTC	CASSESRTGGGGYGYTF	TRBV7-9	TRBJ1-2
TGCGCCAGCAGCCAAGATCCAAACAGAATATGTCAAGAGACCCAGTACTTC	CASSQDPNRICQETQYF	TRBV4-1	TRBJ2-5
TGTGCCAGCAGGGGGGCTGCTAATCTCATGACCCTGGGGAACACTGAAGCTTTCTTT	CASRGAANLMTLGNTEAFF	TRBV6-1	TRBJ1-1
TGTGCCACGGACACTCTGGGACAGGGCGACGCTGAAGCTTTCTTT	CATDTLGQGDAEAFF	TRBV19	TRBJ1-1
TGTGCCAGCAGTGAAGGCTTGTTCACAGATACGCAGTATTTT	CASSEGLFTDTQYF	TRBV6-1	TRBJ2-3
TGTGCCAGCAGCTCTCTTCCGGGGCCACACACTGAAGCTTTCTTT	CASSSLPGPHTEAFF	TRBV13	TRBJ1-1
TGTGCCAGCAGGCGGGATACCTCCTACGAGCAGTACTTC	CASRRDTSYEQYF	TRBV28	TRBJ2-7
TGTGCCACCACATTCGAGCACCGGGACAGGGTAAGCGGGATCAATCAGCCCCAGCATTTT	CATTFEHRDRVSGINQPQHF	TRBV24-1	TRBJ1-5
TGTGCCAGCAGTGCCGGCTCGACAGGGGGACACGAGCAGTACTTC	CASSAGSTGGHEQYF	TRBV6-6	TRBJ2-7
TGTGCCAGGAGGCGGGAGTGTGGGGTCTACGAGCAGTACTTC	CARRRECGVYEQYF	TRBV13	TRBJ2-7
TGTGCCAGCAGCCATAAGGAGTTGCAAGGTACGATGTCCACAGATACGCAGTATTTT	CASSHKELQGTMSTDTQYF	TRBV9	TRBJ2-3
TGTGCCAGCAGTGTTCCCGGGGACACTGAAGCTTTCTTT	CASSVPGDTEAFF	TRBV28	TRBJ1-1
TGTGCCCGAGGGGAATACCCCTACGAGCAGTACTTC	CARGEYPYEQYF	TRBV6-5	TRBJ2-7
TGTGCCAGCAGTGACCTCAACCTGTGGACAGTGGGTGGCTACACCTTC	CASSDLNLWTVGGYTF	TRBV6-4	TRBJ1-2
TGCAGTGCTTTAAACGGGTGCACTGAAGCTTTCTTT	CSALNGCTEAFF	TRBV20-1	TRBJ1-1
TGTGCCAGCCCCGTGACCGAAAGTGGCTACGAGCAGTACTTC	CASPVTESGYEQYF	TRBV7-3	TRBJ2-7
TGCAGTGCTCTGGGCCAAGGGAACACTGAAGCTTTCTTT	CSALGQGNTEAFF	TRBV20-1	TRBJ1-1
TGTGCCAGCAGTCAGGGCGGTTCTGGAAACACCATATATTTT	CASSQGGSGNTIYF	TRBV12-3	TRBJ1-3
TGTGCCAGCTTCCAGCGTCCAGCGGGGGAAAACGAGCAGTACTTC	CASFQRPAGENEQYF	TRBV6-1	TRBJ2-7
TGTGAAGGCACGACCGGGGAGCTGTTTTTT	CEGTTGELFF	TRBV6-5	TRBJ2-2
TGCAGCGTTGCGAAGACAGGGGGCCGACCCACAGATACGCAGTATTTT	CSVAKTGGRPTDTQYF	TRBV29-1	TRBJ2-3
TGTGCCTGGACCCCCGAGGACCATAACGAGACCCAGTACTTC	CAWTPEDHNETQYF	TRBV30	TRBJ2-5
TGCAGTGCTAGAGATTTGGACATCGCCTACTACGAGCAGTACTTC	CSARDLDIAYYEQYF	TRBV20-1	TRBJ2-7
TGCGCCAGCAGCCGAAAAACCGGGACAGGGGTAGTAAAGTACTTC	CASSRKTGTGVVKYF	TRBV4-3	TRBJ2-5
TGCGCCAGCAGCCAAGCAGCCCCAAGAGGACGGGGGGGGGGTAGCAATCAGCCCCAGCATTTT	CASSQAAPRGRGGGSNQPQHF	TRBV4-1	TRBJ1-5
TGTGCCAGCAGCTTGTCTTACGCGACAGGAGGTTCCTACGAGCAGTACTTC	CASSLSYATGGSYEQYF	TRBV7-6	TRBJ2-7
TGCGCCAGCAGTGAGGAAAGGGTGGTAGCGACTCTAACAAACACCATATATTTT	CASSEERVVATLTNTIYF	TRBV10-1	TRBJ1-3
TGTGCCAGCAGCGCAGGGGGCGTTTGGGAGACCCAGTACTTC	CASSAGGVWETQYF	TRBV7-2	TRBJ2-5
TGTGCCAGCACCCCAATCGGGGCTGGCTACACCTTC	CASTPIGAGYTF	TRBV6-4	TRBJ1-2
TGCGCCAGCAGCCACCCTGAGGACAGACGGGCTAGCACAGATACGCAGTATTTT	CASSHPEDRRASTDTQYF	TRBV4-1	TRBJ2-3
TGTGCCAGCAGCTTGTGGACAGGGGAAAATCAGCCCCAGCATTTT	CASSLWTGENQPQHF	TRBV5-4	TRBJ1-5
TGTGCCAGCAGTTGCACTTGCTCCACCGGGGAGCTGTTTTTT	CASSCTCSTGELFF	TRBV6-2	TRBJ2-2
TGTGCCAGCAGTGGCGAAGGGGGCTCGAACTATGGCTACACCTTC	CASSGEGGSNYGYTF	TRBV6-1	TRBJ1-2
TGCGCCAGCCCCCGCGAACACTTTGATGGCTACACCTTC	CASPREHFDGYTF	TRBV10-1	TRBJ1-2
TGTGCCAAACTCTGGTTGGACAGGGCCGCACTGGGGAACACTGAAGCTTTCTTT	CAKLWLDRAALGNTEAFF	TRBV19	TRBJ1-1
TGCAGTGCTATACTCCGGGACTCGCCGGCATCGATGTCCTACAATGAGCAGTTCTTC	CSAILRDSPASMSYNEQFF	TRBV20-1	TRBJ2-1
TGTGCCAGCAGCTCCGCGACGAGGGTCACCCGCGAGCAGTACTTC	CASSSATRVTREQYF	TRBV7-2	TRBJ2-7
TGTGCCATCCTTTTGGACCGGGACAGACTCTACGAGCAGTACTTC	CAILLDRDRLYEQYF	TRBV10-3	TRBJ2-7
TGCGCCAGCAGCTTCCCCACAAGCTCCTACAATGAGCAGTTCTTC	CASSFPTSSYNEQFF	TRBV5-1	TRBJ2-1
TGTGCCAGCAGCTACCCCCGGAATGAAAAACTGTTTTTT	CASSYPRNEKLFF	TRBV7-2	TRBJ1-4
TGTGCCAGCAGCCTAGGGGGCTACGAGCAGTACTTC	CASSLGGYEQYF	TRBV7-2	TRBJ2-7
TGTGCAACCACCACGGGACACACTGAAGCTTTCTTT	CATTTGHTEAFF	TRBV2	TRBJ1-1
TGTGCCAGCTCTAGGGGCCGGTATTGTTACCCCTACGAGCAGTACTTC	CASSRGRYCYPYEQYF	TRBV7-9	TRBJ2-7
TGCGCCAGCAGCCAAGATAGCTCGTCGGGTACTGAAGCTTTCTTT	CASSQDSSSGTEAFF	TRBV4-1	TRBJ1-1
TGTGCCAGCAGCTTAGACGGGGCCCAGGGGAACCACACTGAAGCTTTCTTT	CASSLDGAQGNHTEAFF	TRBV7-8	TRBJ1-1
TGTGCCACCAGGAGGTTGGACAGGGGGGCTTATAATTCACCCCTCCACTTT	CATRRLDRGAYNSPLHF	TRBV24-1	TRBJ1-6
TGCATTGGAACGGGGCGCCGATTACTCCTGGTATCCTACGAGCAGTACTTC	CIGTGRRLLLVSYEQYF	TRBV20-1	TRBJ2-7
TGTGCCAGCAGTCGGGGGGACACTTCTTATGAGCAGTTCTTC	CASSRGDTSYEQFF	TRBV6-5	TRBJ2-1
TGTGCCAGCAGTTCCCGGGACAGGGGGCGAGCGAACACTGAAGCTTTCTTT	CASSSRDRGRANTEAFF	TRBV27	TRBJ1-1
TGTGCCAGCAGTGTTGGACAGGGGCACCAAGAGACCCAGTACTTC	CASSVGQGHQETQYF	TRBV27	TRBJ2-5
TGTGCCTGGCAGCAGGGCTATTTTAGAGCTTTCTTT	CAWQQGYFRAFF	TRBV30	TRBJ1-1
TGTGCCAGCAGTTGTCAGAGCGGCGCTGGCTACACCTTC	CASSCQSGAGYTF	TRBV12-3	TRBJ1-2
TGTGCAGTCCAAACCGGGACAGAACTGTTTTTT	CAVQTGTELFF	TRBV9	TRBJ1-4
TGTGCCAGCAGTGACTCGGGGGGCTATGGCTACACCTTC	CASSDSGGYGYTF	TRBV6-4	TRBJ1-2
TGCAGTGCTAGAACTTCGCCCCCGGGACTAGGACCGGGAGGGGGTGAGCAGTTCTTC	CSARTSPPGLGPGGGEQFF	TRBV20-1	TRBJ2-1
TGTGCCTGGAGTCCCGGGTTTTTCTACGAGCAGTACTTC	CAWSPGFFYEQYF	TRBV30	TRBJ2-7
TGTGCCAAAAAACAATTCATGGGGGGGCCGGACAATGAGCAGTTCTTC	CAKKQFMGGPDNEQFF	TRBV24-1	TRBJ2-1
TGTGCCAGCAGTGACAGGGTGGATTCGGCTCAGCCCCAGCATTTT	CASSDRVDSAQPQHF	TRBV6-2	TRBJ1-5
TGTGCCAGCAGCGTAGATAAGGGACGCCCTAATAGCAATCAGCCCCAGCATTTT	CASSVDKGRPNSNQPQHF	TRBV9	TRBJ1-5
TGTGCCAGCAGCTTAGGTCAGAAAACCCGGGACAGGGCGGGGACTAGCAATCAGCCCCAGCATTTT	CASSLGQKTRDRAGTSNQPQHF	TRBV7-2	TRBJ1-5
TGTGCCAGCAGCTTCCTTAGGGCCCGGAGCTCCTACGAGCAGTACTTC	CASSFLRARSSYEQYF	TRBV7-8	TRBJ2-7
TGTGCCAGCAAGGGGCAGGGGAAGGAACGGGGTGAGCAGTTCTTC	CASKGQGKERGEQFF	TRBV9	TRBJ2-1
TGTGCCAGCAGGGCAGGGAGGTTGAAGAGCTACGAGCAGTACTTC	CASRAGRLKSYEQYF	TRBV28	TRBJ2-7
TGTGCCAGCAGCTCCAGGGTTCTAGAAAAACTGTTTTTT	CASSSRVLEKLFF	TRBV13	TRBJ1-4
TGTGCCTGGAGACCTAGCGGGAGGCGCGGCACAGATACGCAGTATTTT	CAWRPSGRRGTDTQYF	TRBV30	TRBJ2-3
TGTGCCAGCACTAGCGGGAGCCTGGAGATGAACACTGAAGCTTTCTTT	CASTSGSLEMNTEAFF	TRBV11-2	TRBJ1-1
TGCAGTGCTAGCCCCGGTTGGGGTAGGGGCCAGCCCCAGCATTTT	CSASPGWGRGQPQHF	TRBV20-1	TRBJ1-5
TGTGCCAGCAGCCGGCCAGGGCGGGACAGGGGGCCCAATAGCAATCAGCCCCAGCATTTT	CASSRPGRDRGPNSNQPQHF	TRBV5-4	TRBJ1-5
TGTGCCAGTCCCAGGTTTGACTATGGCTACACCTTC	CASPRFDYGYTF	TRBV12-3	TRBJ1-2
TGTGCCTGGAGTGGAACCTGGGGCAGGCTAGGCTACACCTTC	CAWSGTWGRLGYTF	TRBV30	TRBJ1-2
TGTGCCAGTAGTATCCGGGCCACAAAACCCGCGGGAGGACCTTACCAGAGAGCCAAAAACATTCAGTACTTC	CASSIRATKPAGGPYQRAKNIQYF	TRBV19	TRBJ2-4
TGTGCCAGCTTACACGGACAGGGCTTTAACTATGGCTACACCTTC	CASLHGQGFNYGYTF	TRBV27	TRBJ1-2
TGTGCCATCGGGAGGGACCCCTACAATGAGCAGTTCTTC	CAIGRDPYNEQFF	TRBV25-1	TRBJ2-1
TGTGCCAGCAGCACAGGGGGCATTGCTGGAAACACCATATATTTT	CASSTGGIAGNTIYF	TRBV14	TRBJ1-3
TGCAGTGCTAGAAACGGGGACAGGGGCGCGGCGGAAAAACTGTTTTTT	CSARNGDRGAAEKLFF	TRBV20-1	TRBJ1-4
TGTGCCAGCAGCCGCCGGGGGGTCGGCTCCTACGAGCAGTACTTC	CASSRRGVGSYEQYF	TRBV28	TRBJ2-7
TGTGCCAGTAGTGACCAAGGGGAAGCCAAAAACATTCAGTACTTC	CASSDQGEAKNIQYF	TRBV19	TRBJ2-4
TGTGCCAGCACGCGGGGGGCCGCCGAAAAACTGTTTTTT	CASTRGAAEKLFF	TRBV3-1	TRBJ1-4
TGTGCCAGCAGTGCGGGACAGGGGTCCTATGGCTACACCTTC	CASSAGQGSYGYTF	TRBV6-1	TRBJ1-2
TGTGCGCTTCTCCGAGGGACTAGCGGCACAGATACGCAGTATTTT	CALLRGTSGTDTQYF	TRBV12-5	TRBJ2-3
TGTGCTAGTGGTTTGACACAGGGAAGCCCGTCCCTGATATGGAACACTGAAGCTTTCTTT	CASGLTQGSPSLIWNTEAFF	TRBV12-5	TRBJ1-1
TGCGCCAGCAGCTTGAGAAGGGACGAGACCCAGTACTTC	CASSLRRDETQYF	TRBV5-1	TRBJ2-5
TGTGCCAGCAGCTTGGCACCAGAATGGAGGAATCAGCCCCAGCATTTT	CASSLAPEWRNQPQHF	TRBV5-6	TRBJ1-5
TGTGCCAGCAGGGGCGGGAACTACGAGCAGTACTTC	CASRGGNYEQYF	TRBV28	TRBJ2-7
TGTGCCAGCATGCAGGACGAGCAGTACTTC	CASMQDEQYF	TRBV6-5	TRBJ2-7
TGTGCCAGCAGCGTAGGCGATGGACAGGGTTCTGGCTACACCTTC	CASSVGDGQGSGYTF	TRBV9	TRBJ1-2
TGTGCCAGTAGTATACGTTTATCGGCAAGGGGCACTGAAGCTTTCTTT	CASSIRLSARGTEAFF	TRBV19	TRBJ1-1
TGTGCCAGCAGCTTAAGCAGTGTCTATGGCTACACCTTC	CASSLSSVYGYTF	TRBV11-2	TRBJ1-2
TGCGCCAGCCAGCTTGGGTTTGGGGCCAACGTCCTGACTTTC	CASQLGFGANVLTF	TRBV10-1	TRBJ2-6
TGTGCCAGCAGCCCCAGGGGGCTTGGCTACACCTTC	CASSPRGLGYTF	TRBV14	TRBJ1-2
TGTGCCAGCAGCGGGACAGGAGAGACCCAGTACTTC	CASSGTGETQYF	TRBV11-3	TRBJ2-5
TGTGCCAGCAGCCAGTCGACTCGCTGGGGAACCTTGGGCTCCTACGAGCAGTACTTC	CASSQSTRWGTLGSYEQYF	TRBV14	TRBJ2-7
TGTGCCATCAGTGGATCTTTCGGGATACTCTACGAGCAGTACTTC	CAISGSFGILYEQYF	TRBV10-3	TRBJ2-7
TGCGCCAGCGAGAGTAGTTTACGGAACACCGGGGAGCTGTTTTTT	CASESSLRNTGELFF	TRBV4-1	TRBJ2-2
TGCGCCAGCAGCTTGGACAGGGGCACTGAAGCTTTCTTT	CASSLDRGTEAFF	TRBV5-1	TRBJ1-1
TGTGCCAGCAGCTTAGCAGGGGCCTACGAGCAGTACTTC	CASSLAGAYEQYF	TRBV11-2	TRBJ2-7
TGTGCCAGCAGTGAAAAAGACGGGACAGGGCGGGTCAATTCGGGTCGGAACACTGAAGCTTTCTTT	CASSEKDGTGRVNSGRNTEAFF	TRBV6-1	TRBJ1-1
TGTGCCAGCAGCTTGCGTTACTCCTACGAGCAGTACTTC	CASSLRYSYEQYF	TRBV5-6	TRBJ2-7
TGTGCCACCAGTCCTAGCATGGACCTCCAAACCGGGGAGCTGTTTTTT	CATSPSMDLQTGELFF	TRBV24-1	TRBJ2-2
TGTGCCAGCATTGCAGTTTCGGGGGGCACCGGGAGTGAGCAGTACTTC	CASIAVSGGTGSEQYF	TRBV6-1	TRBJ2-7
TGCGCCAGCAGTGGATCACCTATAGGGGCCTACGAGCAGTACTTC	CASSGSPIGAYEQYF	TRBV10-1	TRBJ2-7
TGTGCCAGCTCACCCTGGACAGGGGACGAGAATACTGAAGCTTTCTTT	CASSPWTGDENTEAFF	TRBV18	TRBJ1-1
TGTGCCAGCAGCAAGACAGGGTTCTTTGGGAACACTGAAGCTTTCTTT	CASSKTGFFGNTEAFF	TRBV13	TRBJ1-1
TGTGCCATCAGGTTCAGAGGGGGGTCCAACACTGAAGCTTTCTTT	CAIRFRGGSNTEAFF	TRBV10-3	TRBJ1-1
TGTGCCAGCAGCTGGGGGGGCTCAATGCAGTACTTC	CASSWGGSMQYF	TRBV11-2	TRBJ2-7
TGTGCCAGCAGCTTGCTCCGGACAGGGGTGCCCTACGAGCAGTACTTC	CASSLLRTGVPYEQYF	TRBV5-6	TRBJ2-7
TGTGCCAGCGTGAAGCGGGATTGGAGGAATGAGCAGTTCTTC	CASVKRDWRNEQFF	TRBV7-9	TRBJ2-1
TGTGCCGGATCAGGTGAGGGAAACACCATATATTTT	CAGSGEGNTIYF	TRBV10-3	TRBJ1-3
TGTGCCAGCAGCCAAGATGTCCGAGGGATTTCACCCCTCCACTTT	CASSQDVRGISPLHF	TRBV3-1	TRBJ1-6
TGCAGTGCTGACGCAGGGACGAGCAATCAGCCCCAGCATTTT	CSADAGTSNQPQHF	TRBV20-1	TRBJ1-5
TGTGCCAGCATACCGTCAGGGGGCGAGCAGAACACTGAAGCTTTCTTT	CASIPSGGEQNTEAFF	TRBV9	TRBJ1-1
TGTGCCAGCAGCTTGGCTGGGGGCGGAGGGTTAGCTAACTATGGCTACACCTTC	CASSLAGGGGLANYGYTF	TRBV5-5	TRBJ1-2
TGTGCCAGCAGTGAACTACGACAGGGTTGCACAGATACGCAGTATTTT	CASSELRQGCTDTQYF	TRBV6-1	TRBJ2-3
TGCGCCAGCAGTGAGTCCCTTCTAGCCATCTCCTACAATGAGCAGTTCTTC	CASSESLLAISYNEQFF	TRBV10-1	TRBJ2-1
TGTGCCAGCAGCTTGTCTCAAAGGTTCCGGGGGGACGCAGATACGCAGTATTTT	CASSLSQRFRGDADTQYF	TRBV11-2	TRBJ2-3
TGTGCCCTGAGGGCTAGGGAAAGTAATTCACCCCTCCACTTT	CALRARESNSPLHF	TRBV11-2	TRBJ1-6
TGTGCCAGCAGCCCCCCACAGCAAGGTGGCTACACCTTC	CASSPPQQGGYTF	TRBV5-4	TRBJ1-2
TGTGCCAGAAGGAGGGACGACATTCAGTACTTC	CARRRDDIQYF	TRBV19	TRBJ2-4
TGTGCCAGCAGCCTCGGGGGGGCGGTGGAGCAGTTCTTC	CASSLGGAVEQFF	TRBV7-4	TRBJ2-1
TGTGCCAGCAGTGAAAAGCGACGGGACAGGGCTAAGATTAAGGATAGCAATCAGCCCCAGCATTTT	CASSEKRRDRAKIKDSNQPQHF	TRBV6-1	TRBJ1-5
TGCGCCAGCAGCCCCTTACAGAACACTGAAGCTTTCTTT	CASSPLQNTEAFF	TRBV4-1	TRBJ1-1
TGTGCCAGTAGTAAATTAGCCCAAACTAGCGGGGTCTTAAATGAGCAGTTCTTC	CASSKLAQTSGVLNEQFF	TRBV19	TRBJ2-1
TGTGCCAGCAGCCAAGACCTGTGCCCCTCGAGAAACTATGGCTACACCTTC	CASSQDLCPSRNYGYTF	TRBV3-1	TRBJ1-2
TGCGCCAGCAGCTTCCGGACAGGGAATTCACCCCTCCACTTT	CASSFRTGNSPLHF	TRBV5-1	TRBJ1-6
TGTGCTACCTATCCCCTATTGGAGCAGTACTTC	CATYPLLEQYF	TRBV12-5	TRBJ2-7
TGTGCCAGCAGTTACAGATATAAGACCTACGAGCAGTACTTC	CASSYRYKTYEQYF	TRBV6-5	TRBJ2-7
TGTGCCAGCGCAGGACCCAAGGGACTAGCGGGTTTGGACAATGAGCAGTTCTTC	CASAGPKGLAGLDNEQFF	TRBV27	TRBJ2-1
TGTGCCAGCAGCCAGGGGTTTTACTTCGGAAACACCATATATTTT	CASSQGFYFGNTIYF	TRBV9	TRBJ1-3
TGTGCCAGGGGGGGACAGACTGGCAAAAACATTCAGTACTTC	CARGGQTGKNIQYF	TRBV27	TRBJ2-4
TGCGCCAGCAGCTCCCCCGGGACCGTACCGAGAGACGAGCAGTACTTC	CASSSPGTVPRDEQYF	TRBV5-1	TRBJ2-7
TGTGCCAGCAGTGAACGCTGGTCGTCTAAAGAGACCCAGTACTTC	CASSERWSSKETQYF	TRBV6-4	TRBJ2-5
TGTGCCCATGACGAGTACGAGCAGTACTTC	CAHDEYEQYF	TRBV12-4	TRBJ2-7
TGTGCCAGCCTCGCCGGACAACTAGAGACCCAGTACTTC	CASLAGQLETQYF	TRBV7-9	TRBJ2-5
TGTGCCAGCAGCCGGAATTTGGGACCTAGCACAGATACGCAGTATTTT	CASSRNLGPSTDTQYF	TRBV13	TRBJ2-3
TGTGCCAGTATGGGCCCCCGAGCCTACAATGAGCAGTTCTTC	CASMGPRAYNEQFF	TRBV10-3	TRBJ2-1
TGTGCCAGCAGCTTAAGGGTTCAGGGACAGGGGAGATTCCATTCACCCCTCCACTTT	CASSLRVQGQGRFHSPLHF	TRBV7-3	TRBJ1-6
TGTGCCAGCAGGTTACTAGCGGGAGCGAGGACGAATGAGCAGTTCTTC	CASRLLAGARTNEQFF	TRBV9	TRBJ2-1
TGCAGTGCTAGCAGGGGGCCGGGCACCGGGGAGCTGTTTTTT	CSASRGPGTGELFF	TRBV20-1	TRBJ2-2
TGCAGCGTGGAGGGACAGGGAGGATACGAGCAGTACTTC	CSVEGQGGYEQYF	TRBV29-1	TRBJ2-7
TGCGCCAGCAGCCAAGACGGGACAAGGGGGGTAGCGAACACTGAAGCTTTCTTT	CASSQDGTRGVANTEAFF	TRBV4-1	TRBJ1-1
TGTGCCAGCAGCCAGGGGGCTGAAGCTTTCTTT	CASSQGAEAFF	TRBV7-3	TRBJ1-1
TGTGCCAGCAGCTTAAAGGTGTTTAGACGAGGTTGTTCTGATACGCAGTATTTT	CASSLKVFRRGCSDTQYF	TRBV7-4	TRBJ2-3
TGTGCTCGGTTCCCGGGGGCGCCGTGCGAGCAGTACTTC	CARFPGAPCEQYF	TRBV11-3	TRBJ2-7
TGTGCCAGCTATTCCAAGATCTTAACAGGGGGATCTCCTGGCTACACCTTC	CASYSKILTGGSPGYTF	TRBV6-4	TRBJ1-2
TGCAGCGTTGATCAACAGGGGTGTTTACAAGAGACCCAGTACTTC	CSVDQQGCLQETQYF	TRBV29-1	TRBJ2-5
TGCAGTGCTAGAGATCTCTGGGCCTACGGAGGCTCCTATAATTCACCCCTCCACTTT	CSARDLWAYGGSYNSPLHF	TRBV20-1	TRBJ1-6
TGTGCCAGCAGCTTGACTACGGGGGTCGAGCAGTACTTC	CASSLTTGVEQYF	TRBV5-6	TRBJ2-7
TGTGGCGCGGGAGGCGATTCACCCCTCCACTTT	CGAGGDSPLHF	TRBV3-1	TRBJ1-6
TGTGCCACCACCGTTAGATGGGGCGTCACCGGGGAGCTGTTTTTT	CATTVRWGVTGELFF	TRBV24-1	TRBJ2-2
TGCAGTGCTAGACCAGGCTATGGCTACACCTTC	CSARPGYGYTF	TRBV20-1	TRBJ1-2
TGCGCCAGCAGCCAAGACCCGGGACAGGGTGTCTACCGCTCCTACGAGCAGTACTTC	CASSQDPGQGVYRSYEQYF	TRBV4-1	TRBJ2-7
TGTGCCAGCAGTTTATCCCGGGGGAAGAGGTCCAGGAACACTGAAGCTTTCTTT	CASSLSRGKRSRNTEAFF	TRBV27	TRBJ1-1
TGTGCCAGCAGTGAGAAGCGGCGTTTAGGAAACACCATATATTTT	CASSEKRRLGNTIYF	TRBV6-3	TRBJ1-3
TGTGCCAGCAGTGTAGGGGGCGACTGGTCTTTGAACACCGGGGAGCTGTTTTTT	CASSVGGDWSLNTGELFF	TRBV6-5	TRBJ2-2
TGCGCCAGCAGCCAAGAGGGTCGGCGTCTGTCTGGAAACACCATATATTTT	CASSQEGRRLSGNTIYF	TRBV4-1	TRBJ1-3
TGTGCCAGCAGCGGGAGGGGGCTATACGAGCAGTACTTC	CASSGRGLYEQYF	TRBV13	TRBJ2-7
TGTGCCAGCAGTGAATTAAGACAGGGGGGAGAAGGGAATCAGCCCCAGCATTTT	CASSELRQGGEGNQPQHF	TRBV2	TRBJ1-5
TGTGCCAGCAGTGACGGACTAGCGGGGTTCAGCTCCTACGAGCAGTACTTC	CASSDGLAGFSSYEQYF	TRBV6-4	TRBJ2-7
TGCAGTGCTCCCGGGACTAGGGAAGGCTCCTACAATGAGCAGTTCTTC	CSAPGTREGSYNEQFF	TRBV20-1	TRBJ2-1
TGTGCCAGCGTGGAGGACAGGGGCAAAAACATTCAGTACTTC	CASVEDRGKNIQYF	TRBV6-4	TRBJ2-4
TGTGCCAGCAGCCAATCGGGGGTAAACTATGGCTACACCTTC	CASSQSGVNYGYTF	TRBV3-1	TRBJ1-2
TGTGCCAGCAGTGAACCGACTAGCGGAGCTTCAAACTACGAGCAGTACTTC	CASSEPTSGASNYEQYF	TRBV2	TRBJ2-7
TGCAGTGCTAGAGATTGGGGGCTCAACACTGAAGCTTTCTTT	CSARDWGLNTEAFF	TRBV20-1	TRBJ1-1
TGTGCCAGCAGCTTCCGGCCGCTCACTGAAGCTTTCTTT	CASSFRPLTEAFF	TRBV5-4	TRBJ1-1
TGTGCCAGCAGCTTTACCCTAGCGCTTAACACAGATACGCAGTATTTT	CASSFTLALNTDTQYF	TRBV5-6	TRBJ2-3
TGCAGTGCTGCTGATACAGGGACACGGAACTATGGCTACACCTTC	CSAADTGTRNYGYTF	TRBV20-1	TRBJ1-2
TGTGCCAGCAGCTGGGGGGCCTACAATGAGCAGTTCTTC	CASSWGAYNEQFF	TRBV7-2	TRBJ2-1
TGTGCCAGCAGCCAAGGGAAGTCCCCACGTTGCAGGGGAAGCGGCACTGAAGCTTTCTTT	CASSQGKSPRCRGSGTEAFF	TRBV14	TRBJ1-1
TGTGCCAGCAGTTCCCAGGGGGGCACTGAAGCTTTCTTT	CASSSQGGTEAFF	TRBV27	TRBJ1-1
TGTGCCAGCAGCTGGCGGGCCTCCCCCTCGGGCTACGAGCAGTACTTC	CASSWRASPSGYEQYF	TRBV7-2	TRBJ2-7
TGTGCCACCAGTGATTTTCTAGATCCGGAGCAGTACTTC	CATSDFLDPEQYF	TRBV24-1	TRBJ2-7
TGTGCCAGCAGCTTACCGGGACAGGGTTGGTATTTT	CASSLPGQGWYF	TRBV7-2	TRBJ2-3
TGTGCCAGCAGCCAAGGCTGGATCAGCTCCTATAATTCACCCCTCCACTTT	CASSQGWISSYNSPLHF	TRBV3-1	TRBJ1-6
TGTGCCAGCAGCACGGGGTTCGTGAACACTGAAGCTTTCTTT	CASSTGFVNTEAFF	TRBV13	TRBJ1-1
TGTGCCAGCAGCTTAGATCGGGTTACCCAGTACTTC	CASSLDRVTQYF	TRBV7-2	TRBJ2-5
TGTGCCAGTAGTACGAAACAGGGATTAACTGAAGCTTTCTTT	CASSTKQGLTEAFF	TRBV19	TRBJ1-1
TGTGCCTGGAGTGTAACACGGTTTCGCTACGAGCAGTACTTC	CAWSVTRFRYEQYF	TRBV30	TRBJ2-7
TGTGCCACCAGCACCTTAGAAGCCTTCCAATACAATGAGCAGTTCTTC	CATSTLEAFQYNEQFF	TRBV15	TRBJ2-1
TGTGCCAGCGGCAGGAGTGGGAGGTACTTC	CASGRSGRYF	TRBV6-4	TRBJ2-5
TGTGCCAGCAGTGGGGCCTGTGGAGTCGCTGAAGCTTTCTTT	CASSGACGVAEAFF	TRBV6-4	TRBJ1-1
TGTGCCAGCATTAGCCGTCCCAGGGGGTCCTACGAGCAGTACTTC	CASISRPRGSYEQYF	TRBV6-1	TRBJ2-7
TGTGCCAGCAGTGACTTGGACAGGGGGCTGGTGGACGAGCAGTACTTC	CASSDLDRGLVDEQYF	TRBV6-1	TRBJ2-7
TGCGCCAGCAGTACTCCAGCGGGATACTTC	CASSTPAGYF	TRBV10-1	TRBJ2-7
TGTGCCACCAGGGGTGACTCGTATCAGCCCCAGCATTTT	CATRGDSYQPQHF	TRBV24-1	TRBJ1-5
TGTGCCAGCAGTGAATTCAGGCTGCTGGTCGGGGAGCTGTTTTTT	CASSEFRLLVGELFF	TRBV2	TRBJ2-2
TGCGCCAGCAGCTTGGTTCGGCGTGAAAAACTGTTTTTT	CASSLVRREKLFF	TRBV5-1	TRBJ1-4
TGTGCCAGCAGCTTAGGAATCAAAAAACCGGGACAGGTCGAGTATAGCAATCAGCCCCAGCATTTT	CASSLGIKKPGQVEYSNQPQHF	TRBV11-2	TRBJ1-5
TGTGCCACCAGCGGGCAAGAGACCCAGTACTTC	CATSGQETQYF	TRBV24-1	TRBJ2-5
TGTGCCAGTCGAGGGAACAATCAGCCCCAGCATTTT	CASRGNNQPQHF	TRBV7-3	TRBJ1-5
TGCGCCAGCAGCTTGCCGACAGGGGCGACCAAAAACATTCAGTACTTC	CASSLPTGATKNIQYF	TRBV5-1	TRBJ2-4
TGTGCCAGCAGTGAACCTAATCGGGCAGATACGCAGTATTTT	CASSEPNRADTQYF	TRBV25-1	TRBJ2-3
TGTGCCATCAGTGAGGAACTGGCAGGAAGCAATCAGCCCCAGCATTTT	CAISEELAGSNQPQHF	TRBV10-3	TRBJ1-5
TGTGCCAGCAGCTTATGTTGGACAGGCCGGAGCGGGGAGCTGTTTTTT	CASSLCWTGRSGELFF	TRBV7-8	TRBJ2-2
TGTGCCAGCAGCAAGCTAGGGGGTAGCTCTGGGGCCAACGTCCTGACTTTC	CASSKLGGSSGANVLTF	TRBV5-6	TRBJ2-6
TGCGCCAGCAGTGAGGCGGGGGGAGGTCAAACCGGGGAGCTGTTTTTT	CASSEAGGGQTGELFF	TRBV10-1	TRBJ2-2
TGTGCCAGCAGCTCGGACAGACACACCGGGGAGCTGTTTTTT	CASSSDRHTGELFF	TRBV13	TRBJ2-2
TGTGCCAGCAGCTTATATAGGGACCAAGAGACCCAGTACTTC	CASSLYRDQETQYF	TRBV7-8	TRBJ2-5
TGTGCCATCAGTGATTTAGCTTTCTCTGGGGCCAACGTCCTGACTTTC	CAISDLAFSGANVLTF	TRBV10-3	TRBJ2-6
TGTGCCAGCAGCGTAGCCTTCCCGGGACTAGCGGGAGGTAATGAGCAGTTCTTC	CASSVAFPGLAGGNEQFF	TRBV9	TRBJ2-1
TGTGCCAGCAGCTTAAACGGACAGTTACGGGGGATGGGGTCGGCGGTGGGTAATTCACCCCTCCACTTT	CASSLNGQLRGMGSAVGNSPLHF	TRBV7-4	TRBJ1-6
TGTGCCAGCAGCAACCTAGGGGAGCAGTTCTTC	CASSNLGEQFF	TRBV7-9	TRBJ2-1
TGTGCCAGCAGCAGGCACAGGGGCACTGAAGCTTTCTTT	CASSRHRGTEAFF	TRBV6-3	TRBJ1-1
TGTGCCAGCGGGGGGGGTAACATTCAGTACTTC	CASGGGNIQYF	TRBV7-9	TRBJ2-4
TGTGCCAGCAGCTTAACGTGGGGGGGCCGCGGCTACGAGCAGTACTTC	CASSLTWGGRGYEQYF	TRBV7-3	TRBJ2-7
TGTGCCACCAGTGCACGACAGGGTTATAGCAATCAGCCCCAGCATTTT	CATSARQGYSNQPQHF	TRBV24-1	TRBJ1-5
TGTGCCATCAGTGAATTTGACTATAGGACTGAGACCCAGTACTTC	CAISEFDYRTETQYF	TRBV10-3	TRBJ2-5
TGCGCCAGCAGCCAAGACTGTCTAGGGATCGGCCGAGGGGCCTATAATTCACCCCTCCACTTT	CASSQDCLGIGRGAYNSPLHF	TRBV4-1	TRBJ1-6
TGCGCCAGCAGCTTGGACATTAGCTCCTACGAGCAGTACTTC	CASSLDISSYEQYF	TRBV5-1	TRBJ2-7
TGTGCCAGCAGCCAAGAGGACAGGGGGCCGCCCGAGGGTTATGAAAAACTGTTTTTT	CASSQEDRGPPEGYEKLFF	TRBV14	TRBJ1-4
TGTGCCACCAGTGATCTTCCATCACCCAGAAGGGAGAACACTGAAGCTTTCTTT	CATSDLPSPRRENTEAFF	TRBV24-1	TRBJ1-1
TGTGCCAGCAATTGGCGGTCTTCGGGACCGCAGTACTTC	CASNWRSSGPQYF	TRBV7-3	TRBJ2-7
TGTGCCAGCAGAATTATTTTACCCGGCACAGGGCGGAATGAGCAGTTCTTC	CASRIILPGTGRNEQFF	TRBV12-3	TRBJ2-1
TGTGCCAGCAGCTGGCCTCAGGGGGTATCCAGGACTGAAGCTTTCTTT	CASSWPQGVSRTEAFF	TRBV11-3	TRBJ1-1
TGCGCCAGCAGTGAGTACGGGGCCTCACCCCTGAACACTGAAGCTTTCTTT	CASSEYGASPLNTEAFF	TRBV10-2	TRBJ1-1
TGTGCCAGGTTCGTTCACTGGCTGAGCTATGGCTACACCTTC	CARFVHWLSYGYTF	TRBV19	TRBJ1-2
TGTGCCAGCAGCTGTCTAGAGGGATCCTACGAGCAGTACTTC	CASSCLEGSYEQYF	TRBV7-3	TRBJ2-7
TGTGCCAGCAGCTCCCGACAGGCAACGGGTATGAACACTGAAGCTTTCTTT	CASSSRQATGMNTEAFF	TRBV13	TRBJ1-1
TGTGCCAGCAGAAACAGGGCTCGAGAGACCCAGTACTTC	CASRNRARETQYF	TRBV27	TRBJ2-5
TGTGCCACCGCCCACGGCTCATACAATGAGCAGTTCTTC	CATAHGSYNEQFF	TRBV24-1	TRBJ2-1
TGTGCCACCAGTGATCGCCGGATCAGAAGGGCTTCACCCCTCCACTTT	CATSDRRIRRASPLHF	TRBV24-1	TRBJ1-6
TGCGCCAGCAGTGGGGGCCACAGAACTGGAAATAGCAATCAGCCCCAGCATTTT	CASSGGHRTGNSNQPQHF	TRBV10-2	TRBJ1-5
TGTGCCAGCAGCTGGGGCTCCTACGAGCAGTACTTC	CASSWGSYEQYF	TRBV7-3	TRBJ2-7
TGCGCCAGCAGCCCTGGGACCTACAATGAGCAGTTCTTC	CASSPGTYNEQFF	TRBV4-1	TRBJ2-1
TGTGCCAGCAGCTTTCCCTCCGGGGGAAGTTCGGAAGAGACCCAGTACTTC	CASSFPSGGSSEETQYF	TRBV11-3	TRBJ2-5
TGCGCCAAAAAGGGAAGGACCGGGACTAGCGGGCACAGCACCGGGGAGCTGTTTTTT	CAKKGRTGTSGHSTGELFF	TRBV10-1	TRBJ2-2
TGTGCCGGGGACGGAGGGATGAACACTGAAGCTTTCTTT	CAGDGGMNTEAFF	TRBV6-1	TRBJ1-1
TGTGCCAGCAGCTTAACCCCTAGAGAATGCTACGAGCAGTACTTC	CASSLTPRECYEQYF	TRBV5-5	TRBJ2-7
TGTGCCAGCAGAGGACCTATACTCGGCTGCGAAGCTTTCTTT	CASRGPILGCEAFF	TRBV6-1	TRBJ1-1
TGCAGTGCGCACCGGACAGGTTGCGGGGCAGATACGCAGTATTTT	CSAHRTGCGADTQYF	TRBV20-1	TRBJ2-3
TGTGCCAGCAGTGCTCCCATAGCGGGGGCGGAAGAGACCCAGTACTTC	CASSAPIAGAEETQYF	TRBV12-3	TRBJ2-5
TGTGCCAGCAGCCCCCACGGAACCCCGGCTTGGGAGGGGGGAAGGCGGGGGCAAGAGACCCAGTACTTC	CASSPHGTPAWEGGRRGQETQYF	TRBV13	TRBJ2-5
TGTGCCAGCAGTTACTCGCTGGGGACTAGCGGGGGGGTGCCTGAGCAGTACTTC	CASSYSLGTSGGVPEQYF	TRBV6-3	TRBJ2-7
TGTGCCAGCAGTTTGGGACACAGCACTGAAGCTTTCTTT	CASSLGHSTEAFF	TRBV2	TRBJ1-1
TGCGCCAGCAGCCAAGATTGGACAGATACGCAGTATTTT	CASSQDWTDTQYF	TRBV4-1	TRBJ2-3
TGTGCCAGCAGCAACTCTAGGACATTGGCTCAGCCCCAGCATTTT	CASSNSRTLAQPQHF	TRBV13	TRBJ1-5
TGTGCCAGCAGTTTCAGACAGGCCCCGGATAGCAATCAGCCCCAGCATTTT	CASSFRQAPDSNQPQHF	TRBV6-5	TRBJ1-5
TGTGCCAGCAGCTTATTTTACTATGGCTACACCTTC	CASSLFYYGYTF	TRBV7-3	TRBJ1-2
TGTGCCAGCAGCTTATGGACTAGAGGGGATACGCAGTATTTT	CASSLWTRGDTQYF	TRBV11-3	TRBJ2-3
TGTGCCAGTAGTACCTTCAGGGGGGGGTCCTACAATGAGCAGTTCTTC	CASSTFRGGSYNEQFF	TRBV19	TRBJ2-1
TGTGCCAGCAGTCTCGGGGAAGAGACCCAGTACTTC	CASSLGEETQYF	TRBV6-2	TRBJ2-5
TGTGCCAGCAGGATCAGAAGGCCTAACACTGAAGCTTTCTTT	CASRIRRPNTEAFF	TRBV27	TRBJ1-1
TGTGCCAGTAACGCTACACAGGGACGGGATGGGAACACTGAAGCTTTCTTT	CASNATQGRDGNTEAFF	TRBV19	TRBJ1-1
TGTGCCAGCAGTATCCCGTTCGCAAACGAAACAAAAGTCAACACTGAAGCTTTCTTT	CASSIPFANETKVNTEAFF	TRBV28	TRBJ1-1
TGTGCCAGCAGCCAGTCCAGAGGGACAGGGGTTATCGACACTGAAGCTTTCTTT	CASSQSRGTGVIDTEAFF	TRBV11-3	TRBJ1-1
TGTGCCAACAAGTACCGGGCCCAGTACAATGAGCAGTTCTTC	CANKYRAQYNEQFF	TRBV7-8	TRBJ2-1
TGCAGTGCTAGCTCTGGGGTGTGGGATACGCAGTATTTT	CSASSGVWDTQYF	TRBV20-1	TRBJ2-3
TGCAGTGCTAGAGATGGGAGGGCCCAGGCTAATGAAAAACTGTTTTTT	CSARDGRAQANEKLFF	TRBV20-1	TRBJ1-4
TGCAGCGTAGAGCTAGCGGAGGAGACCCAGTACTTC	CSVELAEETQYF	TRBV29-1	TRBJ2-5
TGTGCCAGCAGCGGGACTGTGGGAGCTTTCTTT	CASSGTVGAFF	TRBV6-3	TRBJ1-1
TGTGCCAGCAGCTCTAAGGGGGCGCAGGCCGAGCAGTACTTC	CASSSKGAQAEQYF	TRBV7-9	TRBJ2-7
TGTGCCCAGGCCCTAACCAGGGAGCTAAAACTGTTTTTT	CAQALTRELKLFF	TRBV27	TRBJ1-4
TGTGCCAGCAGCTTATTGGTACCCGGACAGGGTCCAAGGATGCGTCAGCCCCAGCATTTT	CASSLLVPGQGPRMRQPQHF	TRBV7-9	TRBJ1-5
TGTGCCAGCAGTTTATGGAGGGTAGGTAACTCCTACGAGCAGTACTTC	CASSLWRVGNSYEQYF	TRBV27	TRBJ2-7
TGTGCCAGCGGGTCTTGGTTTAGCTCCTACAATGAGCAGTTCTTC	CASGSWFSSYNEQFF	TRBV11-3	TRBJ2-1
TGTGCCAGTAGTATAGTAGAGACCCAGTACTTC	CASSIVETQYF	TRBV19	TRBJ2-5
TGCGCCAGCAGCTTGGGAGACAGGCACACCGGGGAGCTGTTTTTT	CASSLGDRHTGELFF	TRBV5-1	TRBJ2-2
TGCGCCAGCAGCCACTGCTCCGGACAGGAGCCCCAGCATTTT	CASSHCSGQEPQHF	TRBV4-3	TRBJ1-5
TGCGCCAGCAGCGGGGACTGTTCCTACAATGAGCAGTTCTTC	CASSGDCSYNEQFF	TRBV5-1	TRBJ2-1
TGTGCCACCAGCAGAGAAATTCGGACGGAGCGGACTTCCTACGAGCAGTACTTC	CATSREIRTERTSYEQYF	TRBV15	TRBJ2-7
TGTGCCAGCAGCGCAAGGGGTGACAGGGAGACCTTTACCGGGGAGCTGTTTTTT	CASSARGDRETFTGELFF	TRBV9	TRBJ2-2
TGTGCCAGCACCACAGGGGGCCACCAAGAGCAGTACTTC	CASTTGGHQEQYF	TRBV6-2	TRBJ2-7
TGTGCCTACCCGCCAGTAGAGCATGGGGGGCATTTT	CAYPPVEHGGHF	TRBV24-1	TRBJ1-5
TGCGCCAGCAGTGCGGAGGGACTAGCGGTCTACGAGCAGTACTTC	CASSAEGLAVYEQYF	TRBV10-1	TRBJ2-7
TGTGCTAGTGGGGACAGGGATTCACCCCTCCACTTT	CASGDRDSPLHF	TRBV12-5	TRBJ1-6
TGTGCCACCAGTGGAAGATCGGAAGACAGGGCGGCTGAAGCTTTCTTT	CATSGRSEDRAAEAFF	TRBV24-1	TRBJ1-1
TGTGCCAGCAGCCTAACGCTTGAGCAGTTCTTC	CASSLTLEQFF	TRBV7-3	TRBJ2-1
TGTGCCAGCAGCTTGGACAGGGTTTTCATCAACACTGAAGCTTTCTTT	CASSLDRVFINTEAFF	TRBV11-3	TRBJ1-1
TGCGCCAGCCCAACTCTGCGGGAGGGTGAGAGAATGAACACTGAAGCTTTCTTT	CASPTLREGERMNTEAFF	TRBV5-1	TRBJ1-1
TGTGCCAACAGACAGAGGAAGGTTGCCGGGACAGGGAACAATCAGCCCCAGCATTTT	CANRQRKVAGTGNNQPQHF	TRBV18	TRBJ1-5
TGTGCCAGCAGCGTACCCCGGAGGGGTCTCTATGGCTACACCTTC	CASSVPRRGLYGYTF	TRBV9	TRBJ1-2
TGCAGCGTCTCTCAGGGTGTAGCGGCTTTCTTT	CSVSQGVAAFF	TRBV29-1	TRBJ1-1
TGTGCCAGCAGACATGAGGGAGCCAAAAACATTCAGTACTTC	CASRHEGAKNIQYF	TRBV12-4	TRBJ2-4
TGCGCCAGCAGCTTGGCTTACGGGGACGGAGAGCATGAGCAGTTCTTC	CASSLAYGDGEHEQFF	TRBV5-1	TRBJ2-1
TGTGCCAGCAGCTTGGTATACCCAGGGCAGACGGGGGACCCGGCCTACGAGCAGTACTTC	CASSLVYPGQTGDPAYEQYF	TRBV5-4	TRBJ2-7
TGCAGCGATCTTAAAGGACATAAAGAGACCCAGTACTTC	CSDLKGHKETQYF	TRBV29-1	TRBJ2-5
TGTGCCAGCAGCGTAGCCCCCCGTATGGGTTACATCGAGCAGTACTTC	CASSVAPRMGYIEQYF	TRBV9	TRBJ2-7
TGCAGTGCTAGAGAGTGCGGCGGGAGGGCCCTACCGATTCAAGAGACCCAGTACTTC	CSARECGGRALPIQETQYF	TRBV20-1	TRBJ2-5
TGTGCCTGGAGTGTACCACGGACGAGTTCACCCCTCCACTTT	CAWSVPRTSSPLHF	TRBV30	TRBJ1-6
TGCGCCAGCAGCATCAGAAATGAGCAGTTCTTC	CASSIRNEQFF	TRBV5-1	TRBJ2-1
TGTGCCAGCAGTACTTGCTCCTACGAGCAGTACTTC	CASSTCSYEQYF	TRBV6-6	TRBJ2-7
TGTGCCAGCAGCTTTCAGCTCGAGCCCCAGCATTTT	CASSFQLEPQHF	TRBV7-6	TRBJ1-5
TGTGCCAGCAGTTGGGACAGGAAGGGAGTCAATGAAAAACTGTTTTTT	CASSWDRKGVNEKLFF	TRBV27	TRBJ1-4
TGTGCCAGCAGCTTAGATCAAGCCGCTAGCGGATGCTACTTC	CASSLDQAASGCYF	TRBV11-3	TRBJ2-5
TGTGCCAGCAGCCCGAGGGGGGGCCAGTTAGACGAGCAGTACTTC	CASSPRGGQLDEQYF	TRBV13	TRBJ2-7
TGTGCCACCAGCAGTCACAGAGTTAGCAATCAGCCCCAGCATTTT	CATSSHRVSNQPQHF	TRBV15	TRBJ1-5
TGTGCCAGCAGTCCCCCCGAGGCCCCTGAGAACACTGAAGCTTTCTTT	CASSPPEAPENTEAFF	TRBV6-2	TRBJ1-1
TGTGCCAGCAGTCCCTCAGGAAGCTACGAGCAGTACTTC	CASSPSGSYEQYF	TRBV27	TRBJ2-7
TGCGCCAGCAGCTTCCTAGCGGGCGGGGAGCAAAAAGAGACCCAGTACTTC	CASSFLAGGEQKETQYF	TRBV5-1	TRBJ2-5
TGTGCCACGCCGCCCCAGGGCCCAGATACGCAGTATTTT	CATPPQGPDTQYF	TRBV24-1	TRBJ2-3
TGCGCCAGCAGTGATCTCCTTGTCATCGAGCAGTACTTC	CASSDLLVIEQYF	TRBV10-2	TRBJ2-7
TGTGCCAGCAGCTTCCCGTCAGGGACTAGCGCACATAGTACGCAGTATTTT	CASSFPSGTSAHSTQYF	TRBV11-2	TRBJ2-3
TGTGCCAGCAGCCCGACGACCCCCACAAGGGGGGACAGGGGTAACTATGGCTACACCTTC	CASSPTTPTRGDRGNYGYTF	TRBV11-3	TRBJ1-2
TGTGGTGGACCCGGGGAGCTGTTTTTT	CGGPGELFF	TRBV12-3	TRBJ2-2
TGTGCCAGCAGCAGCCTCAGTTATGGCTACACCTTC	CASSSLSYGYTF	TRBV7-3	TRBJ1-2
TGCGCCAGCAGCCAAGAGGCCTGCTTATTGGGTTTGTACCAAGAGACCCAGTACTTC	CASSQEACLLGLYQETQYF	TRBV4-1	TRBJ2-5
TGCAGTGCTAGAGATATCGGTTCGTCCCTCAGGCGATCACCCCTCCACTTT	CSARDIGSSLRRSPLHF	TRBV20-1	TRBJ1-6
TGCAGCGGCACAGGGGGCGGGGGGGGCTACACCTTC	CSGTGGGGGYTF	TRBV29-1	TRBJ1-2
TGTGCCAGCAGCCAATTTAACCCGGGGGGGAATGAGCAGTTCTTC	CASSQFNPGGNEQFF	TRBV3-1	TRBJ2-1
TGTGCCTCCTTAGGTTTTTCCTATAATTCACCCCTCCACTTT	CASLGFSYNSPLHF	TRBV30	TRBJ1-6
TGTGCCAGCAGCAGGGACAATGAGCAGTTCTTC	CASSRDNEQFF	TRBV13	TRBJ2-1
TGTGCCACCAGCAGAGATCGACCACGCGGCACGACGAAAAAAGGAAACCCAGGGCTGCCAGGGTGTCATCAGCCCCAGCATTTT	CATSRDRPRGTTKKGNPGLPGCHQPQHF	TRBV15	TRBJ1-5
TGTGCCAGCAGCTGTCCCAGGTCCTACGAGCAGTACTTC	CASSCPRSYEQYF	TRBV7-3	TRBJ2-7
TGTGCCAGCAGCTTAGATAGGGACGGGAGTATGAACACTGAAGCTTTCTTT	CASSLDRDGSMNTEAFF	TRBV11-2	TRBJ1-1
TGTGCCGATTCTCGGACGGACTCTGGGGCCAACGTCCTGACTTTC	CADSRTDSGANVLTF	TRBV11-3	TRBJ2-6
TGTGCCACCAGTGAGACAGGCAACGGCGAAAAACTGTTTTTT	CATSETGNGEKLFF	TRBV24-1	TRBJ1-4
TGTGCCATCAGTGAGTCGACTGGCAGTCAGCCCCAGCATTTT	CAISESTGSQPQHF	TRBV10-3	TRBJ1-5
TGTGCCAGCAGCACCGGACTAGCGGAGTACGAGCAGTACTTC	CASSTGLAEYEQYF	TRBV13	TRBJ2-7
TGTGCCAGCAGCGTAGCTGGTTCCAGGCGATACGAGCAGTACTTC	CASSVAGSRRYEQYF	TRBV9	TRBJ2-7
TGTGCCAGCTCACCGGACAGGGTTCAGCCCCAGCATTTT	CASSPDRVQPQHF	TRBV18	TRBJ1-5
TGTGCCAGCATGAGGCGGGGGGTTAAGGCAGATACGCAGTATTTT	CASMRRGVKADTQYF	TRBV6-1	TRBJ2-3
TGCGCCAGCAGCTCCCTAGGGAAGTATAGCAATCAGCCCCAGCATTTT	CASSSLGKYSNQPQHF	TRBV5-1	TRBJ1-5
TGTGCCAGCAGCTCCTTCAGGGTGGACAGGGACAATGAGCAGTTCTTC	CASSSFRVDRDNEQFF	TRBV7-3	TRBJ2-1
TGTGCCAGCAGTGACGCCCCACGACCCACTCAGGGCGTTCCTCTCTATGGCTACACCTTC	CASSDAPRPTQGVPLYGYTF	TRBV6-4	TRBJ1-2
TGTGCCAGCATCTGGAGACTAGCGGGAGTGCCGAAAGATACGCAGTATTTT	CASIWRLAGVPKDTQYF	TRBV12-4	TRBJ2-3
TGTGCCAGCAGCTTAGCGGGACAGATTCTCACTGAAGCTTTCTTT	CASSLAGQILTEAFF	TRBV7-9	TRBJ1-1
TGTGCCAGCAGCCAAGGCACAGGGGGGGCTGAAGCTTTCTTT	CASSQGTGGAEAFF	TRBV3-1	TRBJ1-1
TGCGCCAGCAGCCCCGTAAAAAAAGAAAAGGATTCTGAAGCTTTCTTT	CASSPVKKEKDSEAFF	TRBV4-1	TRBJ1-1
TGCAGTGCAACAGGGTGGAACACTGAAGCTTTCTTT	CSATGWNTEAFF	TRBV20-1	TRBJ1-1
TGTGCCAGCAGCCCCCCCCTTCTACAGGCTGAAATTAGCTCCTACGAGCAGTACTTC	CASSPPLLQAEISSYEQYF	TRBV7-3	TRBJ2-7
TGTGCCACCAGTTCCCCCGGATGCCGCGACAACCGGGACAGGGGGCCCACTGAAGCTTTCTTT	CATSSPGCRDNRDRGPTEAFF	TRBV24-1	TRBJ1-1
TGTGCCAGCATCTCCGGGGGGAAACAGCCCCAGCATTTT	CASISGGKQPQHF	TRBV12-4	TRBJ1-5
TGCAATGCGGGACAGGGTCCGCAGCCCCAGCATTTT	CNAGQGPQPQHF	TRBV20-1	TRBJ1-5
TGCAGTGCTAGACTTACCCCCAGCACCTACAATGAGCAGTTCTTC	CSARLTPSTYNEQFF	TRBV20-1	TRBJ2-1
TGTGCCAGCTCATTACCCCATCACACTGAAGCTTTCTTT	CASSLPHHTEAFF	TRBV18	TRBJ1-1
TGTGCCAGCAGGTGGGTTTTGCGTGGCTCTGAAGCTTTCTTT	CASRWVLRGSEAFF	TRBV6-4	TRBJ1-1
TGTGCCAGCAGTAGACTTCCAGATACGCAGTATTTT	CASSRLPDTQYF	TRBV6-2	TRBJ2-3
TGCAGTGCTATTTGGAGAGCAGGACTTTCTGAAGCTTTCTTT	CSAIWRAGLSEAFF	TRBV20-1	TRBJ1-1
TGTGCCCTGGCGATGGACGAGCAGTACTTC	CALAMDEQYF	TRBV15	TRBJ2-7
TGTGCCAGCACGGCAGGGCCGACCGGGGAGCTGTTTTTT	CASTAGPTGELFF	TRBV6-4	TRBJ2-2
TGTGCCAGCAGCCAAGCCAATAGGGACAGGGTATTTCAAGAGACCCAGTACTTC	CASSQANRDRVFQETQYF	TRBV3-1	TRBJ2-5
TGTGCCAGCATCGAGGTCAATCAGCCCCAGCATTTT	CASIEVNQPQHF	TRBV7-6	TRBJ1-5
TGTGCCAGTAGACCTCAACGGGGGCACGAAAAACTGTTTTTT	CASRPQRGHEKLFF	TRBV19	TRBJ1-4
TGTGCCAGCAGTTACTTAAAGGAGGGACAGGGGGCAGTCGGCTACACCTTC	CASSYLKEGQGAVGYTF	TRBV6-2	TRBJ1-2
TGTGCCAGCAGCAAGACTTCTAGCGGAGGAGGGTACGAGCAGTACTTC	CASSKTSSGGGYEQYF	TRBV13	TRBJ2-7
TGTGCCAGCAGCCGTCAAGAGGGCGGGGAGGAAGAGACCCAGTACTTC	CASSRQEGGEEETQYF	TRBV7-6	TRBJ2-5
TGTGCCAGCAGCCAAGATCAAGCGGTGTTGCCTGACAGGGCAGACGAGCAGTACTTC	CASSQDQAVLPDRADEQYF	TRBV14	TRBJ2-7
TGCCATGAGGAGGACGTCTATGGCTACACCTTC	CHEEDVYGYTF	TRBV18	TRBJ1-2
TGTGCCAGCGGGACAGGGGGCTACGAGCAGTACTTC	CASGTGGYEQYF	TRBV9	TRBJ2-7
TGTGCCAGCAGCCCGCGTCGGGACTCCTACGAGCAGTACTTC	CASSPRRDSYEQYF	TRBV5-5	TRBJ2-7
TGTGCCAGCTCACCCGCAGGGGGCTACCAAGAGACCCAGTACTTC	CASSPAGGYQETQYF	TRBV18	TRBJ2-5
TGTGCCAGCATTGCGAAAACACAGGGGAACGAGCAGTACTTC	CASIAKTQGNEQYF	TRBV6-2	TRBJ2-7
TGTGCCAGCAGTGATTGGACAGGGGGCTGTACCCACTACGAGCAGTACTTC	CASSDWTGGCTHYEQYF	TRBV6-1	TRBJ2-7
TGTGCCAGCAGCTTGGGTAAGACCGGGACTAGCGGGGAGTGGGCATCCTACGAGCAGTACTTC	CASSLGKTGTSGEWASYEQYF	TRBV5-6	TRBJ2-7
TGTGCCAGCACTGACAGAGCTTTCTTT	CASTDRAFF	TRBV27	TRBJ1-1
TGCAGTGCTCCCGATACAGGGTTACACGAGCAGTACTTC	CSAPDTGLHEQYF	TRBV20-1	TRBJ2-7
TGCAGTGCTAGAGATTTCAGGGGCGGAAAACTGTTTTTT	CSARDFRGGKLFF	TRBV20-1	TRBJ1-4
TGTGCCACCAGTGATCTGGGGGGAGTCTTTCCCTCCTACGAGCAGTACTTC	CATSDLGGVFPSYEQYF	TRBV24-1	TRBJ2-7
TGCGCCAGCAGCTCAGTACCCTATGTTCCTCTAGCCAAAAACATTCAGTACTTC	CASSSVPYVPLAKNIQYF	TRBV5-1	TRBJ2-4
TGTGCCACCAGCAGAGATCTGGAGAGCGACACTGAAGCTTTCTTT	CATSRDLESDTEAFF	TRBV15	TRBJ1-1
TGTGCCAGCAGGAGGGACGAGCAGTACTTC	CASRRDEQYF	TRBV2	TRBJ2-7
TGCAGCGTTGCTGGCGGCAGCTACAATGAGCAGTTCTTC	CSVAGGSYNEQFF	TRBV29-1	TRBJ2-1
TGTGCCAGCAGCCTCCCAGGACAGCGGAAGCCCCAGCATTTT	CASSLPGQRKPQHF	TRBV14	TRBJ1-5
TGCGCCAGCAGCCAAACATCCTACGAGCAGTACTTC	CASSQTSYEQYF	TRBV5-1	TRBJ2-7
TGTGCCAGCAGTTTATACGCCGGGACAGGGGTCGCCTACGAGCAGTACTTC	CASSLYAGTGVAYEQYF	TRBV27	TRBJ2-7
TGTGCCAGCATTTCTGGGGGCCCCACCGGGGAGCTGTTTTTT	CASISGGPTGELFF	TRBV6-5	TRBJ2-2
TGTGCCAGCAGTTTACAGGGTGCAAGGAGGGCGAGATCCGGGGAGCTGTTTTTT	CASSLQGARRARSGELFF	TRBV28	TRBJ2-2
TGTGCCAGCAGCGCCAGACAGGGCTATGGCTACACCTTC	CASSARQGYGYTF	TRBV7-9	TRBJ1-2
TGTGCCAGCAGAGTCCGCCCGTACGAGCAGTACTTC	CASRVRPYEQYF	TRBV28	TRBJ2-7
TGTGCCAGTAGTTCCCAGTCGTGTGGCACCGGGGAGCTGTTTTTT	CASSSQSCGTGELFF	TRBV19	TRBJ2-2
TGTGCCAGCAGCAATAAGACAGACAAGCCTAGCAATCAGCCCCAGCATTTT	CASSNKTDKPSNQPQHF	TRBV13	TRBJ1-5
TGCGCCAGCGCCTATACAGGGTACACCGGGGAGCTGTTTTTT	CASAYTGYTGELFF	TRBV5-1	TRBJ2-2
TGCAGTGCTAGGTCGGGGGACGGGCTGAAAGCTTTCTTT	CSARSGDGLKAFF	TRBV20-1	TRBJ1-1
TGTGCCAGAAATTATCTCCTACAACCCTCCTACGAGCAGTACTTC	CARNYLLQPSYEQYF	TRBV6-2	TRBJ2-7
TGCAGTGCTAGAGTTCGGAAGAGGGATGCAGATACGCAGTATTTT	CSARVRKRDADTQYF	TRBV20-1	TRBJ2-3
TGCAGTGCTAGAGATCATCTTACGACAGGGGATGGCTATGGCTACACCTTC	CSARDHLTTGDGYGYTF	TRBV20-1	TRBJ1-2
TGTGCCAGCTGCTTACAAGAAGTCCGACAGGGGGCTCGTACGCAGTATTTT	CASCLQEVRQGARTQYF	TRBV2	TRBJ2-3
TGTGCCAGCAGCACCGTATTCGTCTTC	CASSTVFVF	TRBV7-3	TRBJ2-1
TGTGCCAGCAGCGGACAACGGCAGTACTTC	CASSGQRQYF	TRBV13	TRBJ2-7
TGTGCCACCAGTGTCGTTATAGGGCGACCAGATACGCAGTATTTT	CATSVVIGRPDTQYF	TRBV24-1	TRBJ2-3
TGCAGTGCTAGGCAGACAGGCAATCAGCCCCAGCATTTT	CSARQTGNQPQHF	TRBV20-1	TRBJ1-5
TGCAGTGCTAGAGCCACGAAGTGGGGGGGGCCTGATCAGGGCTCATTGGAGTGGTACTTC	CSARATKWGGPDQGSLEWYF	TRBV20-1	TRBJ2-5
TGTGCCAGCAGCTTACGGTGGACAGGGGGTGAAGCTTTCTTT	CASSLRWTGGEAFF	TRBV11-3	TRBJ1-1
TGTGCCAGCAGTAAGTCGGCGAACACCGGGGAGCTGTTTTTT	CASSKSANTGELFF	TRBV28	TRBJ2-2
TGTGCCAGCAGTGAATATCTTTCTCTCGTCGCTGCTTTCTTT	CASSEYLSLVAAFF	TRBV25-1	TRBJ1-1
TGTGCCAGCAGTGACAGGGCGCCCTATGGCTACACCTTC	CASSDRAPYGYTF	TRBV12-3	TRBJ1-2
TGTGCCAGGAGACGACAGGGGCAAACTGGCTACACCTTC	CARRRQGQTGYTF	TRBV2	TRBJ1-2
TGTGCCAGGGGAGGGGGGAACAGCAATCAGCCCCAGCATTTT	CARGGGNSNQPQHF	TRBV7-3	TRBJ1-5
TGTGCCAGCAGCGAGGATAGATCCTACGAGCAGTACTTC	CASSEDRSYEQYF	TRBV7-3	TRBJ2-7
TGTGCCAGCATCCGCGGGGGTTGCACAGATACGCAGTATTTT	CASIRGGCTDTQYF	TRBV25-1	TRBJ2-3
TGTGCCAGTATTCCGGGAGCTAACTATGGCTACACCTTC	CASIPGANYGYTF	TRBV19	TRBJ1-2
TGTGCCAGCAGCACAAGAATATACGAGCAGTACTTC	CASSTRIYEQYF	TRBV5-5	TRBJ2-7
TGTGCCAGCACTTCTTTTCTTCGAGAGTGCTCTGGAAACACCATATATTTT	CASTSFLRECSGNTIYF	TRBV2	TRBJ1-3
TGTGCCAGCAGTTCTCCGACTAGCGAGCGGAAAGTGCAGTACTTC	CASSSPTSERKVQYF	TRBV6-4	TRBJ2-7
TGTGACTTAGGAGGGGACTCCTACAATGAGCAGTTCTTC	CDLGGDSYNEQFF	TRBV24-1	TRBJ2-1
TGTGCCAGCAGCTTAGCGGGCGGTGGCTACACCTTC	CASSLAGGGYTF	TRBV7-9	TRBJ1-2
TGTGCCAGCAGCCCCCCTGACAGGGGGCGGAAACAATCTGGAAACACCATATATTTT	CASSPPDRGRKQSGNTIYF	TRBV13	TRBJ1-3
TGTGCCAGCAGCCAAGAACCGTCCGCGGACAGGGAAATGAACACTGAAGCTTTCTTT	CASSQEPSADREMNTEAFF	TRBV3-1	TRBJ1-1
TGTGCCAGCAGCTCCGGGACAGGGGTCCCGGGCAATCAGCCCCAGCATTTT	CASSSGTGVPGNQPQHF	TRBV11-2	TRBJ1-5
TGTGCCAGCAGCCAAGCCATTTTAAGGGCGAAAAACTCTGGAAACACCATATATTTT	CASSQAILRAKNSGNTIYF	TRBV4-2	TRBJ1-3
TGTGCCAGCAGCGATATGTTTCAGAGTCCTACCTCCTACAATGAGCAGTTCTTC	CASSDMFQSPTSYNEQFF	TRBV7-2	TRBJ2-1
TGCGCCAGCTTGTTTCGACATGCTTACTCCTACGAGCAGTACTTC	CASLFRHAYSYEQYF	TRBV5-1	TRBJ2-7
TGTGCCAGCAGCTCCAAACAGGGCTGGTTTGGCTACACCTTC	CASSSKQGWFGYTF	TRBV7-9	TRBJ1-2
TGTGCCAGCAGTCTCCGAACCAGGGAGAGACTACCCCAGCATTTT	CASSLRTRERLPQHF	TRBV12-3	TRBJ1-5
TGTGCCAGCAGCGATCGGGAATGGTTCTTGAATGAGCAGTTCTTC	CASSDREWFLNEQFF	TRBV9	TRBJ2-1
TGCGCCAGCAGCTTGGGCCACGCACCCCGACTTGAAGCTTTCTTT	CASSLGHAPRLEAFF	TRBV5-1	TRBJ1-1
TGTGCCAGCAGTTACCAACCCACAGGCACCCTCCCCCAGACCCAGTACTTC	CASSYQPTGTLPQTQYF	TRBV6-6	TRBJ2-5
TGTGCCAGCAGTTACGGGGGGTACGAGCAGTACTTC	CASSYGGYEQYF	TRBV6-5	TRBJ2-7
TGTGCCAGCAGCTTAACCGGGGCTTGTGGCTCCTACGAGCAGTACTTC	CASSLTGACGSYEQYF	TRBV7-3	TRBJ2-7
TGTGCCACCAGTAGCATGACAGGGCTCAACTCAGACTTC	CATSSMTGLNSDF	TRBV24-1	TRBJ2-5
TGTGCCAGCTGCGTGACCCGTACCGGCTACAATGAGCAGTTCTTC	CASCVTRTGYNEQFF	TRBV7-3	TRBJ2-1
TGCGCCAGTGGACAGGGGGCACGGGACTACGAGCAGTACTTC	CASGQGARDYEQYF	TRBV4-1	TRBJ2-7
TGTGCCAGCAGCTTAGAAAACAAGGGGGCAGTTAGGTATAATTCACCCCTCCACTTT	CASSLENKGAVRYNSPLHF	TRBV7-9	TRBJ1-6
TGTGCCAGCAGCCCGGGACTAGCGGGGAGCACAGATACGCAGTATTTT	CASSPGLAGSTDTQYF	TRBV5-4	TRBJ2-3
TGTGCCAGCAGTAGGGACAGGAACACTGAAGCTTTCTTT	CASSRDRNTEAFF	TRBV12-3	TRBJ1-1
TGCGCCAGCAGCTGGGGCAGGGATTGCGGAAACACCATATATTTT	CASSWGRDCGNTIYF	TRBV5-1	TRBJ1-3
TGTGCCAGCAGTTGGGTCGCTAGCACAGATACGCAGTATTTT	CASSWVASTDTQYF	TRBV27	TRBJ2-3
TGTGCCAGCAGTTTGGCAGGAGGCTCCTACGAGCAGTACTTC	CASSLAGGSYEQYF	TRBV2	TRBJ2-7
TGCGCCCCTCCCCCGGGGGGCACTGAAGCTTTCTTT	CAPPPGGTEAFF	TRBV10-1	TRBJ1-1
TGTGCCAGCAGCCAGGGGACTCCCCTAGGAAGGGAGCAGTACTTC	CASSQGTPLGREQYF	TRBV14	TRBJ2-7
TGTGCCATTACTTTTCAGGGGCTGACCGGAAGCTACGAGCAGTACTTC	CAITFQGLTGSYEQYF	TRBV27	TRBJ2-7
TGCGCCAGCAGCCCCAGTGAGGGGCGACGACCCTATGGCTACACCTTC	CASSPSEGRRPYGYTF	TRBV4-1	TRBJ1-2
TGTGCCCCAACGACAGGGGGGGAGACCCAGTACTTC	CAPTTGGETQYF	TRBV10-3	TRBJ2-5
TGTGCCAGCAGCTTCCAGGGTGGGAGGGCGGATACGCAGTATTTT	CASSFQGGRADTQYF	TRBV5-4	TRBJ2-3
TGCGCCAGCAGCCTGGGGAATCGGGACAAGGAATATTACAATGAGCAGTTCTTC	CASSLGNRDKEYYNEQFF	TRBV5-1	TRBJ2-1
TGTGCCAGCAGCTTGCGGCTTGGGACAGAACGGAATGAAAAACTGTTTTTT	CASSLRLGTERNEKLFF	TRBV7-2	TRBJ1-4
TGTGCCAGTAGTATAGACTCCCGGGACTGGCAGCCCCAGCATTTT	CASSIDSRDWQPQHF	TRBV19	TRBJ1-5
TGTGCCAGCAGTCGGCGGGCTAGCGGGCCGGGCACCGGGGAGCTGTTTTTT	CASSRRASGPGTGELFF	TRBV12-4	TRBJ2-2
TGTGCCAGCAGCCATACGCCGACTGGGGCCTCCGAGCAGTTCTTC	CASSHTPTGASEQFF	TRBV14	TRBJ2-1
TGTGCCAGCAGCTTGGCGTTTGGGACAGGGGGGATGAACACTGAAGCTTTCTTT	CASSLAFGTGGMNTEAFF	TRBV5-8	TRBJ1-1
TGTGCCAGCAGCTTAGCCGGGACGGGTACAGAGACCCAGTACTTC	CASSLAGTGTETQYF	TRBV7-9	TRBJ2-5
TGTGCCAGCAGTTTAGGGGCAGTAAACGAGCAGTACTTC	CASSLGAVNEQYF	TRBV27	TRBJ2-7
TGTGCCAGCAGTTCCCCCTTCAAACCCGGGGAGCTGTTTTTT	CASSSPFKPGELFF	TRBV28	TRBJ2-2
TGCGCCAGCAATAGGAGGGCTGAAGCTTTCTTT	CASNRRAEAFF	TRBV10-1	TRBJ1-1
TGTGCCAGCAGTAAAGGGGGGGGGGAAGAAAAACTGTTTTTT	CASSKGGGEEKLFF	TRBV6-5	TRBJ1-4
TGTGCCAGCAGCTCCGGGACAGGAAATCAGCCCCAGCATTTT	CASSSGTGNQPQHF	TRBV7-3	TRBJ1-5
TGTGCTAGTGGTACCTGTCCCGACAGAGTAAGGGAGAATGAGCAGTTCTTC	CASGTCPDRVRENEQFF	TRBV12-5	TRBJ2-1
TGTGCCAGCAGTTACTCGACTCCTCTATACAGACGACGATACACCGGGGAGCTGTTTTTT	CASSYSTPLYRRRYTGELFF	TRBV6-6	TRBJ2-2
TGTGCCAGCAGCTTGGCCAGTCTCCGGGACAGGTTATTGGTGGGAGAGACCCAGTACTTC	CASSLASLRDRLLVGETQYF	TRBV5-5	TRBJ2-5
TGTGCCACCAGTGATATCACCTGGGGGAACACTGAAGCTTTCTTT	CATSDITWGNTEAFF	TRBV24-1	TRBJ1-1
TGTGCCAGCAGACCAGGGGGGGGGGGGGGCTACACCGGGGAGCTGTTTTTT	CASRPGGGGGYTGELFF	TRBV27	TRBJ2-2
TGTGCCAGTCGGCCGGGATCGCCAGCTTTCTTT	CASRPGSPAFF	TRBV19	TRBJ1-1
TGTGCCAGCAGCGATAGGTGGCCGGAGCGGGGTAATGAGCAGTTCTTC	CASSDRWPERGNEQFF	TRBV11-2	TRBJ2-1
TGTGCCAGCCGGCGGGAGGCAGATACGCAGTATTTT	CASRREADTQYF	TRBV18	TRBJ2-3
TGTGCCAGCAAGAGGGGACAGGGCTGGGATGAAGCTTTCTTT	CASKRGQGWDEAFF	TRBV6-4	TRBJ1-1
TGTGCCAGCACGGACAGGGTCTTAGCTTTCTTT	CASTDRVLAFF	TRBV9	TRBJ1-1
TGTGCCAGCAGTTTAAGGGAGGGGGGGCCCTACGAGCAGTACTTC	CASSLREGGPYEQYF	TRBV27	TRBJ2-7
TGCGCCAGCAGTCTAGCGGGGTACTTC	CASSLAGYF	TRBV4-1	TRBJ2-5
TGTGCCATCTGTGGACAGGGCGGCTCCTACGAGCAGTACTTC	CAICGQGGSYEQYF	TRBV10-3	TRBJ2-7
TGTGCCAGCAGTGATATAAACGGGGGCGACAATGAGCAGTTCTTC	CASSDINGGDNEQFF	TRBV6-4	TRBJ2-1
TGTGCCACCAGAGGGGAGCGGGGACCCCCCTACGAGCAGTACTTC	CATRGERGPPYEQYF	TRBV24-1	TRBJ2-7
TGTGCCAGCTCACTCAGTACAGTAGGGGCTTCTCGCAATCAGCCCCAGCATTTT	CASSLSTVGASRNQPQHF	TRBV18	TRBJ1-5
TGTGCCAGGAGACAGGAGTGGTACCAAGAGACCCAGTACTTC	CARRQEWYQETQYF	TRBV19	TRBJ2-5
TGTGCCAGCAGCCTCCACAGGGGGTTACGGAGCAATCAGCCCCAGCATTTT	CASSLHRGLRSNQPQHF	TRBV5-5	TRBJ1-5
TGCAGCGGTGAGGGGGGACTAGCGGGGGGCACAGATACGCAGTATTTT	CSGEGGLAGGTDTQYF	TRBV29-1	TRBJ2-3
TGTGCCAGCAGCTTGCGGGAGGGGGCGAACACCGGGGAGCTGTTTTTT	CASSLREGANTGELFF	TRBV7-9	TRBJ2-2
TGTGCCAGCAGCTTAGCAGGGGGCTACACCTTC	CASSLAGGYTF	TRBV7-9	TRBJ1-2
TGCAGCAGCTGGGGGGGCCCCGGGTCCTACGAGCAGTACTTC	CSSWGGPGSYEQYF	TRBV29-1	TRBJ2-7
TGCAGTGCTAGTGGGACAGGGGGCGCAGAAAAACTGTTTTTT	CSASGTGGAEKLFF	TRBV20-1	TRBJ1-4
TGTGCCACCAGTGATGTGGACAGGGATAGCAATCAGCCCCAGCATTTT	CATSDVDRDSNQPQHF	TRBV24-1	TRBJ1-5
TGTGCCAGCACCCAGTATCCCATGGGCTATGGCTACACCTTC	CASTQYPMGYGYTF	TRBV27	TRBJ1-2
TGTGCCAAGGGGATAAGGACAGATACGCAGTATTTT	CAKGIRTDTQYF	TRBV12-4	TRBJ2-3
TGCAGTGCTAGACTCCCTGGACAGGGTTGCTATGGCTACACCTTC	CSARLPGQGCYGYTF	TRBV20-1	TRBJ1-2
TGTGCCGTCCCGGCCGGGACAGGGGGGAGATTGGCTAACTATGGCTACACCTTC	CAVPAGTGGRLANYGYTF	TRBV28	TRBJ1-2
TGTGCCAGCAGTGCTTCCAGCGGTAATAATTCACCCCTCCACTTT	CASSASSGNNSPLHF	TRBV27	TRBJ1-6
TGCAGTCAGGGAAGGAGCTATGGCTACACCTTC	CSQGRSYGYTF	TRBV20-1	TRBJ1-2
TGCAGTGCTAGAACCTGGATCTCTGGAAACACCATATATTTT	CSARTWISGNTIYF	TRBV20-1	TRBJ1-3
TGTGCCAGCAGCTCCACCGCCGCAGGGGGCGTAGTGCAGCCCCAGCATTTT	CASSSTAAGGVVQPQHF	TRBV11-2	TRBJ1-5
TGTGCCAGCAGTGTCCCGTCCGGGACAGGGAGTGAGTACACTGAAGCTTTCTTT	CASSVPSGTGSEYTEAFF	TRBV25-1	TRBJ1-1
TGTGCCACCAGCCGGTCTGGACAGGGCGAGGGCTACACCTTC	CATSRSGQGEGYTF	TRBV24-1	TRBJ1-2
TGTGCCACCAGTGATTTCCCCTGGGGGGGGTGCAATCAGCCCCAGCATTTT	CATSDFPWGGCNQPQHF	TRBV24-1	TRBJ1-5
TGTGCCAGCAGGGTCCCGGGGGGCGAGCAGTACTTC	CASRVPGGEQYF	TRBV9	TRBJ2-7
TGCGCCAGCAGCTTGGAGGGTCCCGAAAAACTGTTTTTT	CASSLEGPEKLFF	TRBV5-1	TRBJ1-4
TGTGCGACTAGTCCGGGCTACGAGCAGTACTTC	CATSPGYEQYF	TRBV3-1	TRBJ2-7
TGTGCCTGGAGTGGGGACGCGGGCCAGCGAGGCTTGTCACCCCTCCACTTT	CAWSGDAGQRGLSPLHF	TRBV30	TRBJ1-6
TGTGCCAGCAGTGGGACACTAGCGGGGGGCAACTATGGCTACACCTTC	CASSGTLAGGNYGYTF	TRBV6-4	TRBJ1-2
TGCGCCAGCAGCATTGACAGGGGGTTAGACGAGCAGTACTTC	CASSIDRGLDEQYF	TRBV5-1	TRBJ2-7
TGCAGTGCTAGCCGGATGGGGACTAACTACGAGCAGTACTTC	CSASRMGTNYEQYF	TRBV20-1	TRBJ2-7
TGCAGTGCTAGACGGGGCAGGGGCGAACCAGGATACATTCAGTACTTC	CSARRGRGEPGYIQYF	TRBV20-1	TRBJ2-4
TGTGCCAGCAGCCCGATGTCACCTTCGAACACTGAAGCTTTCTTT	CASSPMSPSNTEAFF	TRBV9	TRBJ1-1
TGCGCCAGCAGCCTTCGGACAGGGGGCGAGCATCAGCCCCAGCATTTT	CASSLRTGGEHQPQHF	TRBV5-1	TRBJ1-5
TGCGCCAGCAGCCCATTAGGATGCACAGATACGCAGTATTTT	CASSPLGCTDTQYF	TRBV5-1	TRBJ2-3
TGTGCCAGCAGGGACAGGGGGAGTGAAGCTTTCTTT	CASRDRGSEAFF	TRBV6-5	TRBJ1-1
TGTGCCAGCGGAAACAGGGGTCCCTACACCGGGGAGCTGTTTTTT	CASGNRGPYTGELFF	TRBV6-5	TRBJ2-2
TGTGCCAGCAGCTTAGGAAACCTAGCGGGCATCTACGAGCAGTACTTC	CASSLGNLAGIYEQYF	TRBV11-3	TRBJ2-7
TGCGCCAGCAGTGACGCCGGGTCTAATGAGCAGTTCTTC	CASSDAGSNEQFF	TRBV10-1	TRBJ2-1
TGTGCCAGCAGGCCCGCGAGCTCCTACGAGCAGTACTTC	CASRPASSYEQYF	TRBV5-5	TRBJ2-7
TGTGCCAGCACCCCAAGGGACAGGGTTCACTATGGCTACACCTTC	CASTPRDRVHYGYTF	TRBV6-1	TRBJ1-2
TGTGCCAGCAGTTTCCTGGGGGGGCAGGTAAGCTCCTACAATGAGCAGTTCTTC	CASSFLGGQVSSYNEQFF	TRBV28	TRBJ2-1
TGTGCCCCTGGAGGTAGTCTGTGCTACGAGCAGTACTTC	CAPGGSLCYEQYF	TRBV11-3	TRBJ2-7
TGTGCCACCAGGTCCCCTGGAGGCATGCAAAACATTCAGTACTTC	CATRSPGGMQNIQYF	TRBV15	TRBJ2-4
TGTGCCAGCAGCGCCCGACAGGGGGCGCACATGAACACCGGGGAGCTGTTTTTT	CASSARQGAHMNTGELFF	TRBV9	TRBJ2-2
TGTGCCATCAGTGAACGGAGAGACTACAATGAGCAGTTCTTC	CAISERRDYNEQFF	TRBV10-3	TRBJ2-1
TGTGCCAGCAGCAGTTATCTTCCAGGACTCTACGAGCAGTACTTC	CASSSYLPGLYEQYF	TRBV11-1	TRBJ2-7
TGTGCCAGCAGTGAGCCAAACAGGCACTCCTACGAGCAGTACTTC	CASSEPNRHSYEQYF	TRBV6-1	TRBJ2-7
TGCGCCAGCAGCTTGGGTCTGACTAGGAAAGAGACCCAGTACTTC	CASSLGLTRKETQYF	TRBV5-1	TRBJ2-5
TGTGCCAGCAGGAGGGGAAGATATGGCTACACCTTC	CASRRGRYGYTF	TRBV7-9	TRBJ1-2
TGTGCCAGCAGTGTAGGGACAGAGGACACCGGGGAGCTGTTTTTT	CASSVGTEDTGELFF	TRBV6-1	TRBJ2-2
TGCGCCAGCAGCCAAGACGAGGGACAGGGACCTGGGGCCAACGTCCTGACTTTC	CASSQDEGQGPGANVLTF	TRBV4-1	TRBJ2-6
TGTGCCAGCAGTGACAAATCCCCTTCCCCGTACGAAATCAGGGTCGACGACACTGAAGCTTTCTTT	CASSDKSPSPYEIRVDDTEAFF	TRBV6-4	TRBJ1-1
TGTGCCAGCAGCCAAGATAGGGCAGATACGCAGTATTTT	CASSQDRADTQYF	TRBV4-2	TRBJ2-3
TGTGCCAGCAGCCAAAAGTGGGTGTCGGGGGGGTACGAGAGCTCCTACGAGCAGTACTTC	CASSQKWVSGGYESSYEQYF	TRBV3-1	TRBJ2-7
TGCGCCAGCAGCCAAGCCCGTCCAAACCCCCCCATATCGACAGGGGGCGGATGGGAGCAGTACTTC	CASSQARPNPPISTGGGWEQYF	TRBV4-3	TRBJ2-7
TGTGCCAGCAGCGATGAGACGCCACAGCAGTTCTTC	CASSDETPQQFF	TRBV9	TRBJ2-1
TGTGCCAGCAGCTTAAACCAAAAGCGGGAGGGGTTGGGAAGTTTGGCTGGAAACACCATATATTTT	CASSLNQKREGLGSLAGNTIYF	TRBV7-4	TRBJ1-3
TGCGCCAGAACATTAACGATGGCGGCAGATACGCAGTATTTT	CARTLTMAADTQYF	TRBV5-1	TRBJ2-3
TGTGCCAGCGTAGGGGAGGGGGGAAGCACAGATACGCAGTATTTT	CASVGEGGSTDTQYF	TRBV7-3	TRBJ2-3
TGTGCCAGCAGCCAAGATGCTAGGGACTCGGGCATCAATCAGCCCCAGCATTTT	CASSQDARDSGINQPQHF	TRBV3-1	TRBJ1-5
TGTGCCAGCAGGGTGACGACAGGCCGGGGAGCTAACTATGGCTACACCTTC	CASRVTTGRGANYGYTF	TRBV6-2	TRBJ1-2
TGTGCCAGCAGCCCCTCCGTTAATGAGCAGTTCTTC	CASSPSVNEQFF	TRBV7-9	TRBJ2-1
TGTGCCAGCTCACGAAGATTGATCAATCAGCCCCAGCATTTT	CASSRRLINQPQHF	TRBV18	TRBJ1-5
TGTGCCAGCAGTCAAAGTACTAAGAAGAGCTCCTATAATTCACCCCTCCACTTT	CASSQSTKKSSYNSPLHF	TRBV12-3	TRBJ1-6
TGCAGTGCTAGAGACCCCAGGACAGGGAGCAATCAGCCCCAGCATTTT	CSARDPRTGSNQPQHF	TRBV20-1	TRBJ1-5
TGCGCCAGCCTGGACGGTCCTCAGCCCCAGCATTTT	CASLDGPQPQHF	TRBV5-1	TRBJ1-5
TGTGCCAGCAGTGCCCGTAACCGGGCTGGTGTTCCCGGGGAGGGCTACGAGCAGTACTTC	CASSARNRAGVPGEGYEQYF	TRBV6-5	TRBJ2-7
TGTGCCAGCGACCCGGACAAGTCAGGGGTGAACACTGAAGCTTTCTTT	CASDPDKSGVNTEAFF	TRBV6-1	TRBJ1-1
TGCAGTGCTAAGGTTGGGGCATCCACAGATACGCAGTATTTT	CSAKVGASTDTQYF	TRBV20-1	TRBJ2-3
TGTGCCAGCAGCTGGGACAGGGTTAATTCACCCCTCCACTTT	CASSWDRVNSPLHF	TRBV2	TRBJ1-6
TGTGCCAGCAGCCAAGAGGGGCAGGGTAACTACAATGAGCAGTTCTTC	CASSQEGQGNYNEQFF	TRBV14	TRBJ2-1
TGTGCCAGCAGTGACTCCCCCAGGGGGGTGAAAGAGCAGTTCTTC	CASSDSPRGVKEQFF	TRBV6-4	TRBJ2-1
TGTGCCAGCAGCTTAGATTGTATCGCAGGGGGGCCTTCAGCTTTCTTT	CASSLDCIAGGPSAFF	TRBV11-3	TRBJ1-1
TGTGCCACAGGGGGGGCAACTTCCCAGTACTTC	CATGGATSQYF	TRBV7-3	TRBJ2-5
TGTGCCAGCAGCGCGGCCTCCATAGAGCAGTTCTTC	CASSAASIEQFF	TRBV7-3	TRBJ2-1
TGTGCCAGCAGTATTTTCAGAGAAGCCAAAAACATTCAGTACTTC	CASSIFREAKNIQYF	TRBV7-9	TRBJ2-4
TGTGCCAGGAGCCGGGTCACCGGGGAGCTGTTTTTT	CARSRVTGELFF	TRBV28	TRBJ2-2
TGTGCCAGCAGCTATACCACAGGGAATCCCCAGCATTTT	CASSYTTGNPQHF	TRBV5-5	TRBJ1-5
TGTGCCAGCAGCAATCCTGACGATGCTATAATTAAGAATCAGCCCCAGCATTTT	CASSNPDDAIIKNQPQHF	TRBV13	TRBJ1-5
TGTGCCAGCAGACCGGGGGTGTTATATAATTCACCCCTCCACTTT	CASRPGVLYNSPLHF	TRBV7-2	TRBJ1-6
TGTGCCAGCAGTCTGTCCTCCGGACCTAGGTCAGGCTACACCTTC	CASSLSSGPRSGYTF	TRBV6-2	TRBJ1-2
TGCGCCAGCAGCCCTCGGGGTGCCGATACGCAGTATTTT	CASSPRGADTQYF	TRBV5-1	TRBJ2-3
TGTGCCAGCCCCCGGGACGAGATAGTCGAGCAGTACTTC	CASPRDEIVEQYF	TRBV18	TRBJ2-7
TGTGCCACCAGTGGGTGGGACAGCGGTGGAGGCTACGAGCAGTACTTC	CATSGWDSGGGYEQYF	TRBV24-1	TRBJ2-7
TGTGCCAGCAGCCCCCTACTAGGGGAGCAGTACTTC	CASSPLLGEQYF	TRBV13	TRBJ2-7
TGTGCCACCACGCTACTATCTGGAAACACCATATATTTT	CATTLLSGNTIYF	TRBV24-1	TRBJ1-3
TGCGCCAGCGCCCCCCTACCAGCAAGCTCTGGGGCCAACGTCCTGACTTTC	CASAPLPASSGANVLTF	TRBV10-2	TRBJ2-6
TGTGCCAGAGCCTCCGAAAGTGGAAACACCATATATTTT	CARASESGNTIYF	TRBV27	TRBJ1-3
TGTGCCAGCAGCTTATGGGAACTCCCGTTTAGAAGGGGGGCGTGTCAGCCCCAGCATTTT	CASSLWELPFRRGACQPQHF	TRBV7-3	TRBJ1-5
TGCGCCAGCAGCAACGCGGCTCGGGGGGGACTCGGGCTGCGCGCCTACGAGCAGTACTTC	CASSNAARGGLGLRAYEQYF	TRBV5-1	TRBJ2-7
TGTGCCAGCAGCTTAGACAGGAGTACTTACTGCAATCAGCCCCAGCATTTT	CASSLDRSTYCNQPQHF	TRBV7-2	TRBJ1-5
TGTGCCAGCAACTGTAGGGAAGCTCAGCCCCAGCATTTT	CASNCREAQPQHF	TRBV28	TRBJ1-5
TGTGCCAGCAGTTACTCGGGGGAAGGCACTGAAGCTTTCTTT	CASSYSGEGTEAFF	TRBV6-2	TRBJ1-1
TGTGCCAGCACAAAAGGACAGGGAAGATACAATGAGCAGTTCTTC	CASTKGQGRYNEQFF	TRBV7-9	TRBJ2-1
TGCGCCAGCCCAGGCTCAGGTGGTGGAAACACCATATATTTT	CASPGSGGGNTIYF	TRBV5-1	TRBJ1-3
TGTGCTAGTGGTTCAACACAGGGAGGCGGTGCAACTAATGAAAAACTGTTTTTT	CASGSTQGGGATNEKLFF	TRBV12-5	TRBJ1-4
TGCAGTGCCCAGTTCAGGACTAGCGGGGGGCCCCGAGAGACCCAGTACTTC	CSAQFRTSGGPRETQYF	TRBV20-1	TRBJ2-5
TGCGCCAGCAGCCAAGATTTGGTTTTCAGTTACAGGGGCTACGAGCAGTACTTC	CASSQDLVFSYRGYEQYF	TRBV4-1	TRBJ2-7
TGCAGTGCTAGAGATCTGACCATTATCTACGCGGGAGCCCCCTACGAGCAGTACTTC	CSARDLTIIYAGAPYEQYF	TRBV20-1	TRBJ2-7
TGTGCCAGCAGTTACCCGTCTTTGGGGGGGCGAGAGCAGTACTTC	CASSYPSLGGREQYF	TRBV6-3	TRBJ2-7
TGTGCCAGCAGTTTGACTGTGAGTGGAAAGCTACAAGAGACCCAGTACTTC	CASSLTVSGKLQETQYF	TRBV12-3	TRBJ2-5
TGTGCCAGCAGCCTGGACCTATACAATGAGCAGTTCTTC	CASSLDLYNEQFF	TRBV7-3	TRBJ2-1
TGCAGTGCTCATGTGCCAACTAGCGGGAGCCCTAATCAGCCCCAGCATTTT	CSAHVPTSGSPNQPQHF	TRBV20-1	TRBJ1-5
TGCGCCAGCAGCGAGGGCTATGGCTACACCTTC	CASSEGYGYTF	TRBV10-1	TRBJ1-2
TGCAGTGCTAGTGTTCTTAGGGATGTCCTGACTTTC	CSASVLRDVLTF	TRBV20-1	TRBJ2-6
TGTGCCAGCAGCTTATCTTCCCAGACGTATGGCTACACCTTC	CASSLSSQTYGYTF	TRBV5-4	TRBJ1-2
TGCGCCAGCAGCCTGGGACTGGGGGGGCGATCTCATTCCTACGAGCAGTACTTC	CASSLGLGGRSHSYEQYF	TRBV5-1	TRBJ2-7
TGTGCCAGCAGTGACCCAAAGGGAGTTTATCTGCAGCATTTT	CASSDPKGVYLQHF	TRBV6-4	TRBJ1-5
TGCGCCAGCAGCCTAGGGGACAGCTATGGCTACACCTTC	CASSLGDSYGYTF	TRBV4-1	TRBJ1-2
TGTGCCAGCAAATGGAAAGGAGGGGGCGAGCAGTACTTC	CASKWKGGGEQYF	TRBV6-3	TRBJ2-7
TGTGCCAGCAGCGCTGCAAGATCTAGATCTGGAAACACCATATATTTT	CASSAARSRSGNTIYF	TRBV11-3	TRBJ1-3
TGTGCCAGACTTGGAGGCGGGTTGGTGGAGTACTTC	CARLGGGLVEYF	TRBV6-4	TRBJ2-7
TGCAGCCACGGGGGTCGCGCCCGTCGAGTCGTCAGTGAGCAGTTCTTC	CSHGGRARRVVSEQFF	TRBV29-1	TRBJ2-1
TGTGCCAGCAGCCAAGATCCGGGACAGGGAGACTATGGCTACACCTTC	CASSQDPGQGDYGYTF	TRBV3-1	TRBJ1-2
TGTGCCAGCAGCTTCGGGGATTGTTTGATAACGGACACTGAAGCTTTCTTT	CASSFGDCLITDTEAFF	TRBV5-4	TRBJ1-1
TGCGCCACCAGGGACCCCTCTGGAAACACCATATATTTT	CATRDPSGNTIYF	TRBV4-3	TRBJ1-3
TGCAGCGTTGAAGATGCTATCCGCCGGGGCGGCCTTACCGGGGAGCTGTTTTTT	CSVEDAIRRGGLTGELFF	TRBV29-1	TRBJ2-2
TGTGCCAGCAGCCCCGGGACTAGCGGGAGCACAGATACGCAGTATTTT	CASSPGTSGSTDTQYF	TRBV6-5	TRBJ2-3
TGTGCCAGCAGCTTGGTCGACGATCCTGGGAACGAAGACAGGGGTGAAAAACTGTTTTTT	CASSLVDDPGNEDRGEKLFF	TRBV5-6	TRBJ1-4
TGTGCCAGCAGTTTGGTACAGGGCTCGACCACTAATGAAAAACTGTTTTTT	CASSLVQGSTTNEKLFF	TRBV27	TRBJ1-4
TGTGCCAGTAGTGCCGGGACAGTTAGGGGACGTGGACGGGCCACTGAAGCTTTCTTT	CASSAGTVRGRGRATEAFF	TRBV19	TRBJ1-1
TGTGCCAGCAGCTGGGGAGCTAACTATGGCTACACCTTC	CASSWGANYGYTF	TRBV7-2	TRBJ1-2
TGCGCCAGCAGCCGGGACATGAGTTCTGGGGCCAACGTCCTGACTTTC	CASSRDMSSGANVLTF	TRBV5-1	TRBJ2-6
TGTGCCAGCAGCTCGAAGGACTCCGCGAACACTGAAGCTTTCTTT	CASSSKDSANTEAFF	TRBV9	TRBJ1-1
TGTGCCAGCAGCGTAGGAACTAGCGGGAGGGCAGGGAACGAGCAGTACTTC	CASSVGTSGRAGNEQYF	TRBV9	TRBJ2-7
TGTGCCAGCAGCTTCGGGGGGACTTATCTGTATGAGCAGTTCTTC	CASSFGGTYLYEQFF	TRBV7-9	TRBJ2-1
TGCGCCAGCAGCAGTCCGGAGGCTGGCAAGTTAGGGCCCTCCTACAATGAGCAGTTCTTC	CASSSPEAGKLGPSYNEQFF	TRBV5-1	TRBJ2-1
TGTGCCAGCAGCACCAGTTTAGGCGACCCCCACATTCAGTACTTC	CASSTSLGDPHIQYF	TRBV7-9	TRBJ2-4
TGTGCCAGCAACTGGGAGGTAACCGACAATGAGCAGTTCTTC	CASNWEVTDNEQFF	TRBV27	TRBJ2-1
TGTGCCAGCAGCGAGTCAACGGACAGACTGCCCGCTGAAGCTTTCTTT	CASSESTDRLPAEAFF	TRBV5-4	TRBJ1-1
TGTGCCAGCAGCCCAGCTACCGGGACAGGGACGGAGGGTTCAAAGAGCTCCTATAATTCACCCCTCCACTTT	CASSPATGTGTEGSKSSYNSPLHF	TRBV5-6	TRBJ1-6
TGCGCCAGCAGTGAGGGGCCCCTGTCCTACGAGCAGTACTTC	CASSEGPLSYEQYF	TRBV10-1	TRBJ2-7
TGTGCCAGCAGTGCCGAAAGGGGAGGAGAAAAACTGTTTTTT	CASSAERGGEKLFF	TRBV7-9	TRBJ1-4
TGTGCCAGCAGTAGAAGGGACAGGGGGCGGCAAGAGACCCAGTACTTC	CASSRRDRGRQETQYF	TRBV2	TRBJ2-5
TGTGCCACCAGCATACAGGGTAGCAATCAGCCCCAGCATTTT	CATSIQGSNQPQHF	TRBV15	TRBJ1-5
TGTGCCAGCAGGACAGCGAACGAGCAGTACTTC	CASRTANEQYF	TRBV25-1	TRBJ2-7
TGTGCCAGCAGTCACGACAGGGGGTTCAATGAGCAGTTCTTC	CASSHDRGFNEQFF	TRBV27	TRBJ2-1
